rva,status,note
0x5a1a0,ported,operator<<(FPackageFileSummary&): identical; TextureAllocations threshold VER_DIS_TEXTURE_PREALLOCATION = 770 (agent L)
0x6a420,reference,operator<<(FObjectExport&): identical
0xd010,reference,operator<<(FObjectImport&): identical
0x42a90,reference,operator<<(TArray<FCompressedChunk>&) incl. FCompressedChunk: identical
0x3f9d0,reference,operator<<(FNameEntry&): identical
0x4a80,reference,operator<<(FPropertyTag&): identical (633/673)
0x87870,reference,FPropertyTag ctor: identical
0x80f70,reference,FPropertyTag::SerializeTaggedProperty: identical
0x192d20,reference,operator<<(FTextureAllocations&) (Engine): identical
0x1844e0,reference,operator<<(FTextureAllocations::FTextureType&) (Engine): identical
0xa25d0,ported,"ULinkerLoad::Tick: FixupExportMap step removed (agent L, from 2012 decompile)"
0x7b030,reference,ULinkerLoad ctor: identical
0x898a0,ported,ULinkerLoad::CreateLoader: ArkBsPatch on precached packages; FPackagePrecacheInfo +3 members (agent L)
0x8a330,reference,ULinkerLoad::SerializePackageFileSummary: identical (logging only)
0x5a4a0,reference,ULinkerLoad::SerializeNameMap: identical
0x30860,reference,ULinkerLoad::SerializeImportMap: identical
0x6a6a0,reference,ULinkerLoad::SerializeExportMap: identical (no editor FaceFX scan)
0x30a00,reference,ULinkerLoad::FixupImportMap: identical to FINAL_RELEASE path
0x7b200,ported,"ULinkerLoad::RemapClasses: MobileGame remap removed, only the <536 prefab fixup (agent L)"
0x8b250,reference,ULinkerLoad::IntegrateScriptPatches: identical; patcher is a stub
0x48db0,ported,"ULinkerLoad::GetScriptPatcher: identical, 12-byte FScriptPatcher confirmed (agent L)"
0x48e00,reference,ULinkerLoad::SerializeDependsMap: identical
0x5a810,reference,ULinkerLoad::SerializeGuidMaps: identical
0x65d60,reference,ULinkerLoad::CreateExportHash: identical
0x7b980,reference,ULinkerLoad::FindExistingExports: identical
0xa22e0,reference,ULinkerLoad::FinalizeCreation: identical
0x193010,port,ULinkerLoad::StartTextureAllocation (Engine): no CreateResourceMem allocation
0xd150,reference,"ULinkerLoad::Serialize(void*,INT): identical"
0x30d30,reference,ULinkerLoad::operator<<(FName&): identical
0x9bca0,reference,ULinkerLoad::operator<<(UObject*&): identical
0x94670,reference,ULinkerLoad::Preload: identical
0x9e460,reference,ULinkerLoad::CreateExport: identical
0x9b690,ported,ULinkerLoad::CreateImport: GearGameContentWeapons/GearGame hack ported verbatim (agent L)
0xa0710,reference,ULinkerLoad::VerifyImport: identical
0x9d8c0,reference,ULinkerLoad::VerifyImportInner: identical
0xa0bc0,reference,ULinkerLoad::LoadAllObjects: identical
0x9bb50,reference,ULinkerLoad::IndexToObject: identical
0x949c0,reference,UObject::Serialize: identical
0x20180,ported,"UObject::SerializeNetIndex: agent A's flag-bit version verified against the decompile, reordered (agent L)"
0x14d30,ported,UObject::SetNetIndex: agent A's version verified against the decompile (agent L)
0x8a8f0,ported,UObject::SerializeScriptProperties: SerializeStateLocals call and function removed (agent L)
0x6de00,ported,UObject::SerializeScriptPropertiesBin: Arkane addition written from the decompile (agent L)
0x879b0,reference,UStruct::SerializeTaggedProperties: identical (no HACK_ForceLoadEditorOnly term)
0x4c30,reference,UStruct::SerializeBin: identical
0x23630,reference,UStruct::SerializeBinEx: identical
0x4bc0,reference,UStruct::SerializeBinProperty: identical
0x4d70,ported,UScriptStruct::SerializeBin: Arkane override (STRUCT_DevLoad + ArIsDisSaveLoad -> DisStructDevLoad) (agent L)
0x96240,reference,UField::Serialize: identical
0x962b0,reference,UStruct::Serialize: identical
0x2d120,reference,UStruct::SerializeExpr: not diffed line by line; opcodes match
0x968d0,reference,UScriptStruct::Serialize: identical
0x96a50,reference,UState::Serialize: identical
0x96b70,ported,UClass::Serialize: m_DropdownCategory at licensee>=10; m_OtherClassFlags at ver>=796; no ClassGroupNames (agent L)
0x88910,reference,UClass::SerializeDefaultObject: identical
0x96ef0,reference,UFunction::Serialize: identical
0x97080,reference,UConst::Serialize: identical
0x97120,reference,UEnum::Serialize: identical
0x971e0,reference,UPackage::Serialize: identical (no IsCountingMemory block)
0x970b0,reference,UTextBuffer::Serialize: identical
0x970f0,reference,UMetaData::Serialize: identical
0x95b70,reference,UObjectRedirector::Serialize: identical
0x98180,reference,UProperty::Serialize: identical
0x98240,reference,UByteProperty::Serialize: identical
0x98280,reference,UBoolProperty::Serialize: identical
0x982b0,reference,UClassProperty::Serialize: identical (folded UObjectProperty/UStructProperty/UArrayProperty)
0x982e0,reference,UStrProperty::Serialize: identical
0x982f0,reference,UMapProperty::Serialize: identical (folded UDelegateProperty)
0x98320,reference,UInterfaceProperty::Serialize: identical
0x49aa0,reference,FName::Init(ANSICHAR): identical
0x20060,reference,AllocateNameEntry: identical
0x22f60,ported,"FArchive::SerializeCompressed: load identical; save uses ArIsSaveGame chunk size, single-threaded (agent L)"
0x14ae0,reference,appUncompressMemory: identical semantics; requires WITH_LZO
0x14a80,ported,"appUncompressMemoryLZO: lzokay decompress_safe equivalent, WITH_LZO=1 (agent K)"
0xa7300,ported,"UObject::LoadPackage: no FFilename fallback, EndLoad(), no LOAD_NoSeekFreeLinkerDetatch (agent L)"
0x9bff0,ported,UObject::GetPackageLinker: no PackageNameToFileMapping (agent L)
0xa6990,reference,UObject::BeginLoad: identical
0x728f0,ported,"UObject::EndLoad(): no LoadContext, WITH_EDITOR progress animation removed (agent L)"
0x40300,reference,UObject::ResetLoaders: identical
0xa2700,reference,FAsyncPackage::Tick: identical (helpers inlined)
0x9b450,ported,FAsyncPackage::CreateLinker: no FindExistingLinkerForPackage / package name mapping (agent L)
0x9d3e0,reference,FAsyncPackage::CreateImports: identical
0x9f9b0,reference,FAsyncPackage::CreateExports: identical
0x2cb30,reference,FAsyncPackage::PreLoadObjects: identical
0x74d60,reference,FAsyncPackage::PostLoadObjects: identical
0x67ae0,reference,FAsyncPackage::FinishObjects: identical
0x995d0,reference,FAsyncPackage ctor: identical (no PackageType)
0xa28e0,ported,"UObject::ProcessAsyncLoading(UBOOL, FLOAT): no ExcludeType, head package only (agent L)"
0xa29d0,ported,UObject::FlushAsyncLoading(): no ExcludeType (agent L)
0x38500,reference,FArchiveAsync ctor: identical
0x2cd30,reference,FArchiveAsync::SetCompressionMap: identical
0x2cdc0,reference,FArchiveAsync::FindCompressedChunkIndex: identical
0x2ce70,ported,"FArchiveAsync::PrecacheCompressedChunk: LoadCompressedData(..., AIOP_Normal, AIORT_Other) (agent L)"
0x2cfb0,ported,"FArchiveAsync::Precache: identical, LoadData(..., AIOP_Normal, AIORT_Other) (agent L)"
0x1b9e0,reference,FArchiveAsync::Serialize: identical
0x46c0,reference,FArchiveAsync::BufferSwitcheroo: identical
0x1b940,reference,FArchiveAsync::FlushCache: identical
0x4730,reference,FArchiveAsync::Seek: identical
0x46a0,reference,FArchiveAsync::Close: identical
0x68810,ported,ULinkerLoad::AsyncPreloadPackage: reads ..\..\DishonoredGame\Patches\<CleanFilename>.bs into FPackagePrecacheInfo (agent L)
0x504e0,ported,FAsyncIOSystemBase::LoadData: trailing EAsyncIORequestType (agent L)
0x505b0,ported,FAsyncIOSystemBase::LoadCompressedData: trailing EAsyncIORequestType (agent L)
0x50240,ported,FAsyncIOSystemBase::QueueIORequest: stores EAsyncIORequestType; FEvent* argument not ported (agent L)
