package,kind,exports,objects,seconds,live,errors,error,purge_errors,purge_error
Abbey_01_Keys_SF,upk,1,1,0.0,65632,0,,0,
AkAudio,upk,61,61,0.0,65632,0,,0,
AudioGraph_Twk_SF,upk,1,1,0.0,65632,0,,0,
Blueprints_twk_Abst_SF,upk,1,1,0.0,65632,0,,0,
Boyle_AbstractInv_MS_SF,upk,1,1,0.0,65632,0,,0,
Bridge_Abstract_SF,upk,1,1,0.0,65632,0,,0,
Brothel_AbstractInv_MS_SF,upk,1,1,0.0,65632,0,,0,
ChapterNotes_twk_SF,upk,1,1,0.0,65714,0,,0,
Core,upk,1413,1413,0.0,65714,0,,0,
DisFonts_LCZEHUNPOL_SF,upk,1,1,0.0,65714,0,,0,
DisFonts_LRUS_SF,upk,1,1,0.0,65714,0,,0,
DisFonts_SF,upk,1,1,0.0,65714,0,,0,
Dishonored_MainMenu,upk,365,365,0.02,66420,0,,0,
Dishonored_MainMenu_Env,upk,4394,4394,0.07,71940,0,,0,
Dishonored_MainMenu_FX,upk,314,314,0.0,71940,0,,0,
DishonoredGame,upk,19472,19472,0.01,71940,0,,0,
DishonoredGameFull_P,upk,1689,1689,0.0,71940,0,,0,
Engine,upk,20032,20032,0.01,71940,0,,0,
Flooded_AbstractInv_MS_SF,upk,1,1,0.0,71940,0,,0,
GameFramework,upk,881,881,0.0,71940,0,,0,
GFxUI,upk,692,692,0.0,71940,0,,0,
GlobalPersistentCookerData,upk,0,0,0.0,71940,0,,0,
GuidCache,upk,1,1,0.0,71940,0,,0,
Hub_AbstInv_SF,upk,1,1,0.0,71940,0,,0,
Hub_AbstractInv_MS_SF,upk,1,1,0.0,71940,0,,0,
IpDrv,upk,56,56,0.0,71940,0,,0,
L_ArtDealer_Audio,upk,190,190,0.01,71940,0,,0,
L_ArtDealer_Block,upk,1653,1653,0.03,0,0,,1,"Fatal error! (unhandled exception, no appErrorf; run dbgrun.py on the package for the stack)"
L_ArtDealer_FX,upk,156,156,0.0,66187,0,,0,
L_ArtDealer_Nav,upk,18,18,0.0,66187,0,,0,
L_ArtDealer_P,upk,79,79,0.01,66187,0,,0,
L_ArtDealer_Scripts,upk,1460,1460,0.05,77044,0,,0,
L_ArtDealer_Stealth,upk,10,10,0.0,77044,0,,0,
L_Boyle_Ext_Audio,upk,547,547,0.01,77044,0,,0,
L_Boyle_Ext_Env,upk,5607,5607,0.08,77044,0,,0,
L_Boyle_Ext_Fx,upk,305,305,0.0,77044,0,,0,
L_Boyle_Ext_Light,upk,350,350,0.0,77044,0,,0,
L_Boyle_Ext_Nav,upk,72,72,0.0,77044,0,,0,
L_Boyle_Ext_P,upk,548,548,0.02,77044,0,,0,
L_Boyle_Ext_Script,upk,1773,1773,0.03,77044,0,,0,
L_Boyle_Int_Audio,upk,635,635,0.01,77044,0,,0,
L_Boyle_Int_Basement,upk,677,677,0.01,77044,0,,0,
L_Boyle_Int_Env,upk,3138,3138,0.05,77044,0,,0,
L_Boyle_Int_Fx,upk,514,514,0.0,0,0,,1,"Fatal error! (unhandled exception, no appErrorf; run dbgrun.py on the package for the stack)"
L_Boyle_Int_Light,upk,366,366,0.01,66276,0,,0,
L_Boyle_Int_Nav,upk,110,110,0.0,66276,0,,0,
L_Boyle_Int_P,upk,473,473,0.03,71229,0,,0,
L_Boyle_Int_Script,upk,8359,8359,0.09,86453,0,,0,
L_Boyle_Int_Stealth,upk,18,18,0.0,86453,0,,0,
L_BoyleStreet_Ext_Script,upk,2975,2975,0.06,86453,0,,0,
L_Bridge_Part1a_Audio,upk,434,434,0.01,86453,0,,0,
L_Bridge_Part1a_Env,upk,5552,5552,0.08,0,0,,1,"Fatal error! (unhandled exception, no appErrorf; run dbgrun.py on the package for the stack)"
L_Bridge_Part1a_FX,upk,439,439,0.01,67062,0,,0,
L_Bridge_Part1a_Nav,upk,85,85,0.01,67062,0,,0,
L_Bridge_Part1a_P,upk,111,111,0.0,67062,0,,0,
L_Bridge_Part1a_Script,upk,2315,2315,0.06,80433,0,,0,
L_Bridge_Part1b_Audio,upk,1093,1093,0.03,80433,0,,0,
L_Bridge_Part1b_Env,upk,7722,7722,0.1,80433,0,,0,
L_Bridge_Part1b_FX,upk,704,704,0.0,80433,0,,0,
L_Bridge_Part1b_Nav,upk,627,627,0.01,80433,0,,0,
L_Bridge_Part1b_P,upk,194,194,0.0,80433,0,,0,
L_Bridge_Part1b_Script,upk,4051,4051,0.09,85853,0,,0,
L_Bridge_Part1c_Audio,upk,212,212,0.0,85853,0,,0,
L_Bridge_Part1c_Env,upk,4852,4852,0.07,0,0,,1,"Fatal error! (unhandled exception, no appErrorf; run dbgrun.py on the package for the stack)"
L_Bridge_Part1c_FX,upk,328,328,0.01,66691,0,,0,
L_Bridge_Part1c_Nav,upk,61,61,0.0,66691,0,,0,
L_Bridge_Part1c_P,upk,65,65,0.0,66691,0,,0,
L_Bridge_Part1c_Script,upk,1204,1204,0.06,80215,0,,0,
L_Bridge_Part2_Audio,upk,1038,1038,0.02,80215,0,,0,
L_Bridge_Part2_Env,upk,7307,7307,0.1,80215,0,,0,
L_Bridge_Part2_FX,upk,722,722,0.01,80215,0,,0,
L_Bridge_Part2_HighChaos,upk,52,52,0.0,80215,0,,0,
L_Bridge_Part2_Nav,upk,32,32,0.01,80215,0,,0,
L_Bridge_Part2_P,upk,147,147,0.0,80215,0,,0,
L_Bridge_Part2_Script,upk,4685,4685,0.1,87658,0,,0,
L_Bridge_Part2_Stealth,upk,10,10,0.0,87658,0,,0,
L_Brothel_Audio,upk,1023,1023,0.01,87658,0,,0,
L_Brothel_Env,upk,7329,7329,0.09,87658,0,,0,
L_Brothel_Fx,upk,713,713,0.01,87658,0,,0,
L_Brothel_HighChaos,upk,47,47,0.0,87658,0,,0,
L_Brothel_Lights,upk,243,243,0.0,87658,0,,0,
L_Brothel_Nav,upk,14,14,0.01,87658,0,,0,
L_Brothel_NavBk,upk,52,52,0.0,87658,0,,0,
L_Brothel_P,upk,433,433,0.03,87658,0,,0,
L_Brothel_Script,upk,7700,7700,0.09,88994,0,,0,
L_Brothel_Stealth,upk,80,80,0.0,88994,0,,0,
L_Distillery2_Audio,upk,417,417,0.01,88994,0,,0,
L_Distillery2_Block,upk,2508,2508,0.03,88994,0,,0,
L_Distillery2_Ext_Block,upk,1797,1797,0.04,88994,0,,0,
L_Distillery2_FX,upk,268,268,0.0,88994,0,,0,
L_Distillery2_Nav,upk,18,18,0.0,88994,0,,0,
L_Distillery2_P,upk,269,269,0.01,0,0,,1,"Fatal error! (unhandled exception, no appErrorf; run dbgrun.py on the package for the stack)"
L_Distillery2_Script,upk,2662,2662,0.07,80435,0,,0,
L_Distillery2_Stealth,upk,10,10,0.0,80435,0,,0,
L_Distillery_Audio,upk,430,430,0.01,80435,0,,0,
L_Distillery_Block,upk,2558,2558,0.03,80435,0,,0,
L_Distillery_Ext_Block,upk,1792,1792,0.04,80435,0,,0,
L_Distillery_Ext_Script,upk,1136,1136,0.02,80435,0,,0,
L_Distillery_FX,upk,273,273,0.0,80435,0,,0,
L_Distillery_Loot,upk,210,210,0.0,80435,0,,0,
L_Distillery_Nav,upk,18,18,0.0,80435,0,,0,
L_Distillery_P,upk,242,242,0.02,0,0,,1,"Fatal error! (unhandled exception, no appErrorf; run dbgrun.py on the package for the stack)"
L_Distillery_Stealth,upk,10,10,0.0,65630,0,,0,
L_Distillery_Strt1Script,upk,1163,1163,0.04,72947,0,,0,
L_Flooded_FAssassins_Audio,upk,608,608,0.01,72947,0,,0,
L_Flooded_FAssassins_Block,upk,143,143,0.0,72947,0,,0,
L_Flooded_FAssassins_Camera,upk,13,13,0.0,72947,0,,0,
L_Flooded_FAssassins_Env,upk,8584,8584,0.09,77462,0,,0,
L_Flooded_FAssassins_FX,upk,351,351,0.0,77462,0,,0,
L_Flooded_FAssassins_Nav,upk,18,18,0.0,77462,0,,0,
L_Flooded_FAssassins_P,upk,204,204,0.0,77462,0,,0,
L_Flooded_FAssassins_PickUps,upk,407,407,0.01,77462,0,,0,
L_Flooded_FAssassins_Script,upk,4049,4049,0.04,77462,0,,0,
L_Flooded_FAssassins_Stealth,upk,33,33,0.0,77462,0,,0,
L_Flooded_FGate_Audio,upk,881,881,0.01,77462,0,,0,
L_Flooded_FGate_Block,upk,230,230,0.0,77462,0,,0,
L_Flooded_FGate_Camera,upk,13,13,0.0,77462,0,,0,
L_Flooded_FGate_Env,upk,8178,8178,0.08,0,0,,1,"Fatal error! (unhandled exception, no appErrorf; run dbgrun.py on the package for the stack)"
L_Flooded_FGate_FX,upk,224,224,0.0,66508,0,,0,
L_Flooded_FGate_Nav,upk,14,14,0.01,66508,0,,0,
L_Flooded_FGate_P,upk,210,210,0.01,66508,0,,0,
L_Flooded_FGate_PickUps,upk,446,446,0.01,66508,0,,0,
L_Flooded_FGate_Script,upk,6769,6769,0.09,88348,0,,0,
L_Flooded_FGate_Stealth,upk,50,50,0.0,88348,0,,0,
L_Flooded_FIntro_Audio,upk,64,64,0.0,88348,0,,0,
L_Flooded_FIntro_Env,upk,673,673,0.01,88348,0,,0,
L_Flooded_FIntro_Nav,upk,14,14,0.0,88348,0,,0,
L_Flooded_FIntro_P,upk,46,46,0.01,88348,0,,0,
L_Flooded_FRefinery_Audio,upk,302,302,0.0,88348,0,,0,
L_Flooded_FRefinery_Block,upk,121,121,0.0,88348,0,,0,
L_Flooded_FRefinery_Camera,upk,11,11,0.0,88348,0,,0,
L_Flooded_FRefinery_Env,upk,8612,8612,0.1,0,0,,1,"Fatal error! (unhandled exception, no appErrorf; run dbgrun.py on the package for the stack)"
L_Flooded_FRefinery_Env2,upk,8583,8583,0.12,0,0,,1,"Fatal error! (unhandled exception, no appErrorf; run dbgrun.py on the package for the stack)"
L_Flooded_FRefinery_FX,upk,146,146,0.0,66246,0,,0,
L_Flooded_FRefinery_Intro,upk,621,621,0.03,71864,0,,0,
L_Flooded_FRefinery_Nav,upk,23,23,0.0,71864,0,,0,
L_Flooded_FRefinery_P,upk,135,135,0.0,71864,0,,0,
L_Flooded_FRefinery_PickUps,upk,605,605,0.01,71864,0,,0,
L_Flooded_FRefinery_Script,upk,1930,1930,0.05,77916,0,,0,
L_Flooded_FRefinery_Stealth,upk,22,22,0.0,77916,0,,0,
L_Flooded_FRefinery_Void,upk,1050,1050,0.02,77916,0,,0,
L_Flooded_FStreets_Audio,upk,556,556,0.01,77916,0,,0,
L_Flooded_FStreets_Block,upk,254,254,0.0,77916,0,,0,
L_Flooded_FStreets_Camera,upk,13,13,0.0,77916,0,,0,
L_Flooded_FStreets_Env,upk,7532,7532,0.09,0,0,,1,"Fatal error! (unhandled exception, no appErrorf; run dbgrun.py on the package for the stack)"
L_Flooded_FStreets_FX,upk,212,212,0.01,66683,0,,0,
L_Flooded_FStreets_Nav,upk,14,14,0.0,66683,0,,0,
L_Flooded_FStreets_P,upk,161,161,0.01,66683,0,,0,
L_Flooded_FStreets_PickUps,upk,905,905,0.01,66961,0,,0,
L_Flooded_FStreets_Script,upk,3191,3191,0.06,80967,0,,0,
L_Flooded_FStreets_Stealth,upk,42,42,0.0,80967,0,,0,
L_Galvani1_Audio,upk,474,474,0.01,80967,0,,0,
L_Galvani1_Block,upk,3571,3571,0.04,0,0,,1,"Fatal error! (unhandled exception, no appErrorf; run dbgrun.py on the package for the stack)"
L_Galvani1_FX,upk,255,255,0.0,66076,0,,0,
L_Galvani1_Lights,upk,269,269,0.0,66119,0,,0,
L_Galvani1_Nav,upk,24,24,0.0,66119,0,,0,
L_Galvani1_P,upk,88,88,0.01,66119,0,,0,
L_Galvani1_Rat,upk,206,206,0.0,66119,0,,0,
L_Galvani1_Scripts,upk,1429,1429,0.04,74992,0,,0,
L_Galvani1_Stealth,upk,10,10,0.0,74992,0,,0,
L_Galvani1_Strt1_Scripts,upk,453,453,0.03,74992,0,,0,
L_Galvani1_Strt2_Scripts,upk,697,697,0.03,74992,0,,0,
L_Galvani2_P,upk,62,62,0.0,74992,0,,0,
L_Isl_Audio_Master,upk,891,891,0.01,74992,0,,0,
L_Isl_Audio_Slave,upk,891,891,0.01,74992,0,,0,
L_Isl_FX_Master,upk,614,614,0.0,74992,0,,0,
L_Isl_FX_Slave,upk,612,612,0.0,74992,0,,0,
L_Isl_Geom_Master,upk,11130,11130,0.1,79541,0,,0,
L_Isl_Geom_Slave,upk,11458,11458,0.1,79869,0,,0,
L_Isl_HighChaos_Audio,upk,82,82,0.0,79869,0,,0,
L_Isl_HighChaos_FX,upk,264,264,0.0,79869,0,,0,
L_Isl_HighChaos_Geom,upk,361,361,0.01,79869,0,,0,
L_Isl_HighChaos_Nav,upk,23,23,0.01,79869,0,,0,
L_Isl_HighChaos_P,upk,86,86,0.0,79869,0,,0,
L_Isl_HighChaos_Script,upk,3516,3516,0.05,79869,0,,0,
L_Isl_LowChaos_Audio,upk,12,12,0.0,79869,0,,0,
L_Isl_LowChaos_FX,upk,94,94,0.0,79869,0,,0,
L_Isl_LowChaos_Geom,upk,317,317,0.01,79869,0,,0,
L_Isl_LowChaos_Nav,upk,20,20,0.01,79869,0,,0,
L_Isl_LowChaos_P,upk,81,81,0.0,79869,0,,0,
L_Isl_LowChaos_Script,upk,1292,1292,0.04,79869,0,,0,
L_Isl_Script_Master,upk,4103,4103,0.05,0,0,,1,"Fatal error! (unhandled exception, no appErrorf; run dbgrun.py on the package for the stack)"
L_Isl_Script_Slave,upk,4106,4106,0.06,0,0,,1,"Fatal error! (unhandled exception, no appErrorf; run dbgrun.py on the package for the stack)"
L_LightH_Audio_Master,upk,225,225,0.01,66018,0,,0,
L_LightH_Audio_Slave,upk,225,225,0.0,66018,0,,0,
L_LightH_FX_Master,upk,218,218,0.0,66018,0,,0,
L_LightH_FX_Slave,upk,218,218,0.0,66018,0,,0,
L_LightH_Geom_Master,upk,4166,4166,0.07,72682,0,,0,
L_LightH_Geom_Slave,upk,4050,4050,0.06,72682,0,,0,
L_LightH_HighChaos_Audio,upk,39,39,0.0,72682,0,,0,
L_LightH_HighChaos_FX,upk,187,187,0.0,72682,0,,0,
L_LightH_HighChaos_Geom,upk,220,220,0.01,72682,0,,0,
L_LightH_HighChaos_Nav,upk,14,14,0.0,72682,0,,0,
L_LightH_HighChaos_P,upk,76,76,0.0,72682,0,,0,
L_LightH_HighChaos_Script,upk,1799,1799,0.03,74003,0,,0,
L_LightH_LowChaos_Audio,upk,25,25,0.0,74003,0,,0,
L_LightH_LowChaos_FX,upk,64,64,0.0,74003,0,,0,
L_LightH_LowChaos_Geom,upk,193,193,0.01,0,0,,1,"Fatal error! (unhandled exception, no appErrorf; run dbgrun.py on the package for the stack)"
L_LightH_LowChaos_Nav,upk,14,14,0.0,65634,0,,0,
L_LightH_LowChaos_P,upk,64,64,0.0,65658,0,,0,
L_LightH_LowChaos_Script,upk,1177,1177,0.03,73072,0,,0,
L_LightH_Script_Master,upk,715,715,0.03,73074,0,,0,
L_LightH_Script_Slave,upk,714,714,0.03,73074,0,,0,
L_Out_Env,upk,476,476,0.02,73074,0,,0,
L_Out_EnvCallistaAlive,upk,362,362,0.01,73074,0,,0,
L_Out_EnvCallistaCurnow,upk,364,364,0.01,73074,0,,0,
L_Out_EnvCallistaDead,upk,421,421,0.01,73074,0,,0,
L_Out_EnvLabEmpty,upk,310,310,0.01,73074,0,,0,
L_Out_EnvLabPiero,upk,277,277,0.01,73074,0,,0,
L_Out_EnvLabPieroAndSokolov,upk,320,320,0.01,73074,0,,0,
L_Out_EnvLabSokolov,upk,269,269,0.01,73074,0,,0,
L_Out_EnvSamAlive,upk,551,551,0.01,73074,0,,0,
L_Out_EnvSamDead,upk,208,208,0.0,73074,0,,0,
L_Out_Fx,upk,277,277,0.0,73074,0,,0,
L_Out_HighChaos_EmilyAlive_Env,upk,2105,2105,0.05,0,0,,1,"Fatal error! (unhandled exception, no appErrorf; run dbgrun.py on the package for the stack)"
L_Out_HighChaos_EmilyAlive_Fx,upk,187,187,0.0,66327,0,,0,
L_Out_HighChaos_EmilyAlive_Lit,upk,10,10,0.0,66327,0,,0,
L_Out_HighChaos_EmilyAlive_P,upk,58,58,0.0,66327,0,,0,
L_Out_HighChaos_EmilyAlive_Scr,upk,166,166,0.01,68855,0,,0,
L_Out_HighChaos_emilyDead_Env,upk,2011,2011,0.05,0,0,,1,"Fatal error! (unhandled exception, no appErrorf; run dbgrun.py on the package for the stack)"
L_Out_HighChaos_emilyDead_FX,upk,211,211,0.01,66413,0,,0,
L_Out_HighChaos_emilyDead_Lit,upk,10,10,0.0,66413,0,,0,
L_Out_HighChaos_emilyDead_P,upk,99,99,0.01,0,0,,1,Error reentered: Illegal call to StaticFindObject() while serializing object data or garbage collecting!
L_Out_HighChaos_emilyDead_Scr,upk,177,177,0.01,68980,0,,0,
L_Out_Light,upk,10,10,0.0,68980,0,,0,
L_Out_P,upk,138,138,0.01,68980,0,,0,
L_Out_Script,upk,250,250,0.01,68980,0,,0,
L_OutsiderDream_Audio,upk,29,29,0.0,68980,0,,0,
L_OutsiderDream_Block,upk,2601,2601,0.05,69963,0,,0,
L_OutsiderDream_FX,upk,292,292,0.0,69963,0,,0,
L_OutsiderDream_Lights,upk,44,44,0.0,69963,0,,0,
L_OutsiderDream_P,upk,280,280,0.01,69963,0,,0,
L_OutsiderDream_Script,upk,1478,1478,0.02,71855,0,,0,
L_Ovrsr_Audio,upk,799,799,0.01,71855,0,,0,
L_Ovrsr_Back_Audio,upk,709,709,0.01,71855,0,,0,
L_Ovrsr_Back_Env,upk,5792,5792,0.09,0,0,,1,"Fatal error! (unhandled exception, no appErrorf; run dbgrun.py on the package for the stack)"
L_Ovrsr_Back_FX,upk,424,424,0.0,66792,0,,0,
L_Ovrsr_Back_Light,upk,252,252,0.0,66792,0,,0,
L_Ovrsr_Back_Nav,upk,78,78,0.0,66792,0,,0,
L_Ovrsr_Back_P,upk,71,71,0.01,66792,0,,0,
L_Ovrsr_Back_Script,upk,4514,4514,0.07,81429,0,,0,
L_Ovrsr_FX,upk,599,599,0.0,81429,0,,0,
L_Ovrsr_Interior,upk,6966,6966,0.09,81429,0,,0,
L_Ovrsr_Kennel_Audio,upk,346,346,0.01,81429,0,,0,
L_Ovrsr_Kennel_Env,upk,1102,1102,0.02,81429,0,,0,
L_Ovrsr_Kennel_FX,upk,182,182,0.0,81429,0,,0,
L_Ovrsr_Kennel_Light,upk,73,73,0.0,81429,0,,0,
L_Ovrsr_Kennel_Nav,upk,18,18,0.0,81429,0,,0,
L_Ovrsr_Kennel_P,upk,51,51,0.0,81429,0,,0,
L_Ovrsr_Kennel_Script,upk,1640,1640,0.03,81429,0,,0,
L_Ovrsr_Kennel_Stealth,upk,10,10,0.0,81429,0,,0,
L_Ovrsr_Light,upk,438,438,0.01,0,0,,1,"Fatal error! (unhandled exception, no appErrorf; run dbgrun.py on the package for the stack)"
L_Ovrsr_Nav,upk,26,26,0.01,65646,0,,0,
L_Ovrsr_P,upk,82,82,0.01,65907,0,,0,
L_Ovrsr_Script,upk,9033,9033,0.09,86558,0,,0,
L_Ovrsr_Stealth,upk,10,10,0.0,86558,0,,0,
L_Prison_Audio,upk,534,534,0.01,86558,0,,0,
L_Prison_Block,upk,26,26,0.0,86558,0,,0,
L_Prison_Env,upk,9861,9861,0.1,86558,0,,0,
L_Prison_Fx,upk,467,467,0.01,86558,0,,0,
L_Prison_Light,upk,106,106,0.0,86558,0,,0,
L_Prison_Nav,upk,14,14,0.0,86558,0,,0,
L_Prison_P,upk,252,252,0.01,86558,0,,0,
L_Prison_Scene,upk,10,10,0.0,86558,0,,0,
L_Prison_Script,upk,4908,4908,0.08,0,0,,1,"Fatal error! (unhandled exception, no appErrorf; run dbgrun.py on the package for the stack)"
L_Prison_Stealth,upk,22,22,0.0,65647,0,,0,
L_PrsnSewer_Audio,upk,382,382,0.01,66027,0,,0,
L_PrsnSewer_FX,upk,525,525,0.01,67521,0,,0,
L_PrsnSewer_geo,upk,7650,7650,0.09,0,0,,1,"Fatal error! (unhandled exception, no appErrorf; run dbgrun.py on the package for the stack)"
L_PrsnSewer_Lights,upk,92,92,0.0,65778,0,,0,
L_PrsnSewer_Nav,upk,19,19,0.0,65778,0,,0,
L_PrsnSewer_P,upk,215,215,0.01,0,0,,1,"Fatal error! (unhandled exception, no appErrorf; run dbgrun.py on the package for the stack)"
L_PrsnSewer_RatScene,upk,217,217,0.03,72819,0,,0,
L_PrsnSewer_Script,upk,2538,2538,0.06,0,0,,1,"Fatal error! (unhandled exception, no appErrorf; run dbgrun.py on the package for the stack)"
L_PrsnSewer_Stealth,upk,10,10,0.0,65630,0,,0,
L_PrsnSewer_Train,upk,111,111,0.01,65795,0,,0,
L_PrsnSewer_Water,upk,146,146,0.0,66133,0,,0,
L_Pub_Assault_Audio,upk,1117,1117,0.01,67731,0,,0,
L_Pub_Assault_Env,upk,7962,7962,0.1,78463,0,,0,
L_Pub_Assault_FX,upk,77,77,0.0,78463,0,,0,
L_Pub_Assault_Light,upk,679,679,0.01,78463,0,,0,
L_Pub_Assault_Nav,upk,137,137,0.0,78463,0,,0,
L_Pub_Assault_P,upk,54,54,0.0,78463,0,,0,
L_Pub_Assault_Pickups,upk,119,119,0.0,78463,0,,0,
L_Pub_Craftsman,upk,27,27,0.0,78463,0,,0,
L_Pub_Day_Audio,upk,1074,1074,0.01,78463,0,,0,
L_Pub_Day_Env,upk,9100,9100,0.11,80498,0,,0,
L_Pub_Day_FX,upk,134,134,0.0,80498,0,,0,
L_Pub_Day_Light,upk,549,549,0.01,80498,0,,0,
L_Pub_Day_Nav,upk,136,136,0.0,80498,0,,0,
L_Pub_Day_P,upk,107,107,0.0,80498,0,,0,
L_Pub_Day_Soiree,upk,23,23,0.0,80498,0,,0,
L_Pub_Dusk_Audio,upk,1015,1015,0.01,80498,0,,0,
L_Pub_Dusk_Env,upk,8752,8752,0.1,80498,0,,0,
L_Pub_Dusk_FX,upk,140,140,0.0,80498,0,,0,
L_Pub_Dusk_Light,upk,578,578,0.01,80498,0,,0,
L_Pub_Dusk_Nav,upk,136,136,0.0,80498,0,,0,
L_Pub_Dusk_P,upk,94,94,0.0,80498,0,,0,
L_Pub_Dusk_Soiree,upk,19,19,0.0,80498,0,,0,
L_Pub_FromBoyle_Script,upk,1513,1513,0.05,80498,0,,0,
L_Pub_FromBridge_Script,upk,956,956,0.04,80498,0,,0,
L_Pub_FromBridge_Script_Sleep,upk,1860,1860,0.04,80498,0,,0,
L_Pub_FromBrothel_Script,upk,1381,1381,0.04,80498,0,,0,
L_Pub_FromFlooded_Script,upk,4920,4920,0.09,85411,0,,0,
L_Pub_FromOvrsr_Script,upk,1482,1482,0.05,85411,0,,0,
L_Pub_FromOvrsr_Script_Sleep,upk,1599,1599,0.05,85411,0,,0,
L_Pub_FromPrison_Script,upk,2218,2218,0.04,85411,0,,0,
L_Pub_FromPrison_Script_Sleep,upk,1232,1232,0.03,85411,0,,0,
L_Pub_FromTwrReturn_Script,upk,3482,3482,0.06,85411,0,,0,
L_Pub_Morning_Audio,upk,1100,1100,0.01,85411,0,,0,
L_Pub_Morning_Env,upk,8596,8596,0.1,85411,0,,0,
L_Pub_Morning_FX,upk,89,89,0.0,85411,0,,0,
L_Pub_Morning_Light,upk,556,556,0.01,85411,0,,0,
L_Pub_Morning_Nav,upk,136,136,0.0,85411,0,,0,
L_Pub_Morning_P,upk,129,129,0.0,85411,0,,0,
L_Pub_Morning_Soiree,upk,10,10,0.0,85411,0,,0,
L_Pub_Night_Audio,upk,932,932,0.01,85411,0,,0,
L_Pub_Night_Env,upk,8516,8516,0.11,85411,0,,0,
L_Pub_Night_FX,upk,124,124,0.0,85411,0,,0,
L_Pub_Night_Light,upk,660,660,0.01,85411,0,,0,
L_Pub_Night_Nav,upk,136,136,0.0,85411,0,,0,
L_Pub_Night_P,upk,164,164,0.0,85411,0,,0,
L_Pub_Night_Soiree,upk,10,10,0.0,85411,0,,0,
L_Pub_Pickups,upk,1248,1248,0.01,85411,0,,0,
L_Streets1_Audio,upk,561,561,0.01,85411,0,,0,
L_Streets1_Block,upk,5111,5111,0.07,85411,0,,0,
L_Streets1_Custom,upk,1312,1312,0.03,85411,0,,0,
L_Streets1_Fx,upk,361,361,0.0,85411,0,,0,
L_Streets1_Light,upk,271,271,0.0,0,0,,1,"Fatal error! (unhandled exception, no appErrorf; run dbgrun.py on the package for the stack)"
L_Streets1_Nav,upk,34,34,0.01,65654,0,,0,
L_Streets1_Outsider,upk,155,155,0.01,69122,0,,0,
L_Streets1_P,upk,370,370,0.02,70441,0,,0,
L_Streets1_Rat,upk,71,71,0.0,70441,0,,0,
L_Streets1_Script,upk,6662,6662,0.1,89149,0,,0,
L_Streets1_Water,upk,82,82,0.0,89149,0,,0,
L_Streets2_Audio,upk,517,517,0.01,89149,0,,0,
L_Streets2_Block,upk,4888,4888,0.07,89149,0,,0,
L_Streets2_Custom,upk,958,958,0.02,89149,0,,0,
L_Streets2_Fx,upk,324,324,0.0,89149,0,,0,
L_Streets2_Light,upk,88,88,0.0,89149,0,,0,
L_Streets2_Nav,upk,16,16,0.01,89149,0,,0,
L_Streets2_P,upk,401,401,0.03,89149,0,,0,
L_Streets2_Rat,upk,131,131,0.0,89149,0,,0,
L_Streets2_Script,upk,6310,6310,0.11,0,0,,1,"Fatal error! (unhandled exception, no appErrorf; run dbgrun.py on the package for the stack)"
L_Streetsewer_Audio,upk,561,561,0.01,66321,0,,0,
L_Streetsewer_Block,upk,9408,9408,0.1,0,0,,1,"Fatal error! (unhandled exception, no appErrorf; run dbgrun.py on the package for the stack)"
L_Streetsewer_FX,upk,570,570,0.01,67682,0,,0,
L_Streetsewer_Lights,upk,191,191,0.0,67682,0,,0,
L_Streetsewer_Nav,upk,18,18,0.01,67682,0,,0,
L_Streetsewer_Outsider,upk,177,177,0.01,69154,0,,0,
L_Streetsewer_P,upk,479,479,0.01,69154,0,,0,
L_Streetsewer_Script,upk,3816,3816,0.06,81675,0,,0,
L_Streetsewer_Stealth,upk,18,18,0.0,81675,0,,0,
L_Streetsewer_Water,upk,10,10,0.0,81675,0,,0,
L_Tower_Audio,upk,91,91,0.0,81675,0,,0,
L_Tower_Block,upk,77,77,0.0,81675,0,,0,
L_Tower_Env,upk,5089,5089,0.07,81675,0,,0,
L_Tower_Fx,upk,184,184,0.0,81675,0,,0,
L_Tower_Light,upk,62,62,0.0,81675,0,,0,
L_Tower_Nav,upk,47,47,0.0,81675,0,,0,
L_Tower_P,upk,147,147,0.0,81675,0,,0,
L_Tower_Script,upk,5016,5016,0.08,85911,0,,0,
L_Tower_Water,upk,14,14,0.0,85911,0,,0,
L_TowerRtrn_Int_Audio,upk,870,870,0.01,85911,0,,0,
L_TowerRtrn_Int_Env,upk,8062,8062,0.08,0,0,,1,"Fatal error! (unhandled exception, no appErrorf; run dbgrun.py on the package for the stack)"
L_TowerRtrn_Int_Fx,upk,400,400,0.0,66593,0,,0,
L_TowerRtrn_Int_Light,upk,434,434,0.0,66593,0,,0,
L_TowerRtrn_Int_Nav,upk,14,14,0.01,66593,0,,0,
L_TowerRtrn_Int_P,upk,107,107,0.01,66593,0,,0,
L_TowerRtrn_Int_Script,upk,7167,7167,0.1,0,0,,1,"Fatal error! (unhandled exception, no appErrorf; run dbgrun.py on the package for the stack)"
L_TowerRtrn_Int_Stealth,upk,14,14,0.0,65637,0,,0,
L_TowerRtrn_Yard_Audio,upk,565,565,0.01,66594,0,,0,
L_TowerRtrn_Yard_Env,upk,8196,8196,0.09,77261,0,,0,
L_TowerRtrn_Yard_Fx,upk,556,556,0.0,77261,0,,0,
L_TowerRtrn_Yard_Light,upk,309,309,0.0,77261,0,,0,
L_TowerRtrn_Yard_Nav,upk,86,86,0.0,77261,0,,0,
L_TowerRtrn_Yard_P,upk,181,181,0.0,77261,0,,0,
L_TowerRtrn_Yard_Roof_Script,upk,2525,2525,0.06,80495,0,,0,
L_TowerRtrn_Yard_Script,upk,3339,3339,0.08,0,0,,1,"Fatal error! (unhandled exception, no appErrorf; run dbgrun.py on the package for the stack)"
LEVEL,upk,33,33,0.04,0,0,,1,Rendering thread exception:
Money_twk_Abs_SF,upk,1,1,0.0,65621,0,,0,
OnlineSubsystemPC,upk,0,0,0.0,0,1,Can't bind to native class OnlineSubsystemPC.OnlineSubsystemPC,0,
OnlineSubsystemSteamworks,upk,720,720,0.0,65619,0,,0,
Ovrsr_AbstractInv_MS_SF,upk,1,1,0.01,65688,0,,0,
pickups_twk_Keys_SF,upk,1,1,0.0,65688,0,,0,
Prison_AbstractInv_MS_SF,upk,1,1,0.0,65688,0,,0,
RefShaderCache-PC-D3D-SM3,upk,1,1,0.12,65688,0,,0,
Startup,upk,1,1,0.01,65688,0,,0,
Startup_LOC_INT,upk,1,1,0.0,65688,0,,0,
Streets_AbsInv_SF,upk,1,1,0.0,65688,0,,0,
StreetSewer_AbsInv_SF,upk,1,1,0.0,65688,0,,0,
Tower_AbstractInv_MS_SF,upk,1,1,0.0,65688,0,,0,
Tower_Twk_Abs_SF,upk,1,1,0.0,65688,0,,0,
Tutorials_twk_Abst_SF,upk,1,1,0.0,65688,0,,0,
Twk_Upgrades_SF,upk,1,1,0.0,65688,0,,0,
UI_GamepadMapping,upk,2,2,0.0,65688,0,,0,
UI_Gamma_SF,upk,1,1,0.0,65688,0,,0,
UI_HUD_DLCTest_SF,upk,1,1,0.0,65688,0,,0,
UI_HUD_SF,upk,1,1,0.0,65688,0,,0,
UI_HUDFX_SF,upk,1,1,0.0,65688,0,,0,
UI_ItemIcons_Large,upk,68,68,0.0,65688,0,,0,
UI_Journal_SF,upk,1,1,0.01,65688,0,,0,
UI_Loading_LCZEHUNPOL_SF,upk,1,1,0.0,65688,0,,0,
UI_Loading_LCZEHUNPOL_SF_LOC_INT,upk,1,1,0.0,65688,0,,0,
UI_Loading_LRUS_SF,upk,1,1,0.0,65688,0,,0,
UI_Loading_LRUS_SF_LOC_INT,upk,1,1,0.0,65688,0,,0,
UI_Loading_SF,upk,1,1,0.0,65688,0,,0,
UI_Loading_SF_LOC_INT,upk,1,1,0.0,65688,0,,0,
UI_Map_Boyle_SF,upk,1,1,0.0,65688,0,,0,
UI_Map_Bridge_SF,upk,1,1,0.0,65688,0,,0,
UI_Map_BrothelExt_SF,upk,1,1,0.0,65688,0,,0,
UI_Map_BrothelInt_SF,upk,1,1,0.0,65688,0,,0,
UI_Map_LightHouseExt1_SF,upk,1,1,0.0,65688,0,,0,
UI_Map_LightHouseExt2_SF,upk,1,1,0.0,65688,0,,0,
UI_Map_LightHouseExt3_SF,upk,1,1,0.0,65688,0,,0,
UI_Map_OverseerExt_SF,upk,1,1,0.0,65688,0,,0,
UI_Map_OverseerInt1_SF,upk,1,1,0.0,65688,0,,0,
UI_Map_OverseerInt2_SF,upk,1,1,0.0,65688,0,,0,
UI_Map_Streets_SF,upk,1,1,0.0,65688,0,,0,
UI_Map_TowerReturnInt2_SF,upk,1,1,0.0,65688,0,,0,
UI_Map_TowerReturnInt_SF,upk,1,1,0.0,65688,0,,0,
UI_Mission_Large,upk,17,17,0.0,65688,0,,0,
UI_Mission_Small,upk,17,17,0.0,65688,0,,0,
UI_MissionStats_SF,upk,1,1,0.0,65688,0,,0,
UI_MissionStatsBg_Boyle_SF,upk,1,1,0.0,65688,0,,0,
UI_MissionStatsBg_Bridge_SF,upk,1,1,0.0,65688,0,,0,
UI_MissionStatsBg_Brothel_SF,upk,1,1,0.0,65688,0,,0,
UI_MissionStatsBg_Flooded_SF,upk,1,1,0.0,65688,0,,0,
UI_MissionStatsBg_Hub_SF,upk,1,1,0.0,65688,0,,0,
UI_MissionStatsBg_LightH_SF,upk,1,1,0.0,65688,0,,0,
UI_MissionStatsBg_Overseer_SF,upk,1,1,0.0,65688,0,,0,
UI_MissionStatsBg_Prison_SF,upk,1,1,0.0,65688,0,,0,
UI_MissionStatsBg_TowerRet_SF,upk,1,1,0.0,65688,0,,0,
UI_PauseMenu_SF,upk,1,1,0.0,65688,0,,0,
UI_portraits_objectives,upk,15,15,0.0,65688,0,,0,
UI_Powers_Large,upk,10,10,0.0,65688,0,,0,
UI_PowerWheel_SF,upk,1,1,0.0,65688,0,,0,
UI_Shop_SF,upk,1,1,0.0,65688,0,,0,
UI_Tuto_Assassination_SF,upk,1,1,0.0,65688,0,,0,
UI_Tuto_BendTime_SF,upk,1,1,0.0,65688,0,,0,
UI_Tuto_Blink_SF,upk,1,1,0.0,65688,0,,0,
UI_Tuto_Block_SF,upk,1,1,0.0,65688,0,,0,
UI_Tuto_BloodThirsty_SF,upk,1,1,0.0,65688,0,,0,
UI_Tuto_BluePrints_SF,upk,1,1,0.0,65688,0,,0,
UI_Tuto_BoneCharms_SF,upk,1,1,0.0,65688,0,,0,
UI_Tuto_Celerity_SF,upk,1,1,0.0,65688,0,,0,
UI_Tuto_Chaos_SF,upk,1,1,0.0,65688,0,,0,
UI_Tuto_Combat_SF,upk,1,1,0.0,65688,0,,0,
UI_Tuto_CounterAttack_SF,upk,1,1,0.0,65688,0,,0,
UI_Tuto_DarkVision_SF,upk,1,1,0.0,65688,0,,0,
UI_Tuto_DevouringSwarm_SF,upk,1,1,0.0,65688,0,,0,
UI_Tuto_DropAssassination_SF,upk,1,1,0.0,65688,0,,0,
UI_Tuto_Heart_SF,upk,1,1,0.0,65688,0,,0,
UI_Tuto_Journal_SF,upk,1,1,0.0,65688,0,,0,
UI_Tuto_Lean_SF,upk,1,1,0.0,65688,0,,0,
UI_Tuto_PerfectBlock_SF,upk,1,1,0.0,65688,0,,0,
UI_Tuto_Possession_SF,upk,1,1,0.0,65688,0,,0,
UI_Tuto_PYWOptions_SF,upk,1,1,0.0,65688,0,,0,
UI_Tuto_PYWPathways2_SF,upk,1,1,0.0,65688,0,,0,
UI_Tuto_PYWPathways_SF,upk,1,1,0.0,65688,0,,0,
UI_Tuto_PYWPowers_SF,upk,1,1,0.0,65688,0,,0,
UI_Tuto_RewireTool_SF,upk,1,1,0.0,65688,0,,0,
UI_Tuto_Runes_SF,upk,1,1,0.0,65688,0,,0,
UI_Tuto_ShadowKill_SF,upk,1,1,0.0,65688,0,,0,
UI_Tuto_Shop_SF,upk,1,1,0.0,65688,0,,0,
UI_Tuto_SpringRazor_SF,upk,1,1,0.0,65688,0,,0,
UI_Tuto_Stealth_SF,upk,1,1,0.0,65688,0,,0,
UI_Tuto_Vitality_SF,upk,1,1,0.0,65688,0,,0,
UI_Tuto_Wheel_SF,upk,1,1,0.0,65688,0,,0,
UI_Tuto_Windblast_SF,upk,1,1,0.0,65688,0,,0,
WrittenNotes_twk_SF,upk,1,1,0.0,65785,0,,0,
Bank_AI_Aristo_Male,pck,1,1,0.0,1,0,,0,
Bank_AI_Assassin,pck,2,2,0.0,1,0,,0,
Bank_AI_Assassin_Mvt_Land_01,pck,1,1,0.0,1,0,,0,
Bank_AI_Assassin_Mvt_Land_04,pck,1,1,0.0,1,0,,0,
Bank_AI_Assassin_Mvt_Slide_01,pck,1,1,0.0,1,0,,0,
Bank_AI_Assassin_Mvt_Wind,pck,1,1,0.0,1,0,,0,
Bank_AI_Breath_Pain,pck,1,1,0.0,1,0,,0,
Bank_AI_Broom,pck,1,1,0.0,1,0,,0,
Bank_AI_Civ_Woman,pck,1,1,0.0,1,0,,0,
Bank_AI_Drink,pck,1,1,0.0,1,0,,0,
Bank_AI_Emily,pck,1,1,0.0,1,0,,0,
Bank_AI_Executioner,pck,8,8,0.0,1,0,,0,
Bank_AI_Executioner_Poker,pck,10,10,0.0,1,0,,0,
Bank_AI_Glass,pck,1,1,0.0,1,0,,0,
Bank_AI_Granny_Rags,pck,2,2,0.0,1,0,,0,
Bank_AI_Guard,pck,1,1,0.0,1,0,,0,
Bank_AI_Guard_Pissing,pck,1,1,0.0,1,0,,0,
Bank_AI_Outsider,pck,1,1,0.0,1,0,,0,
Bank_AI_Overseer,pck,1,1,0.0,1,0,,0,
Bank_AI_Overseer_Music,pck,3,3,0.0,1,0,,0,
Bank_AI_Paper,pck,1,1,0.0,1,0,,0,
Bank_AI_Piero,pck,1,1,0.0,1,0,,0,
Bank_AI_Rat,pck,3,3,0.0,1,0,,0,
Bank_AI_River_Krust,pck,1,1,0.0,1,0,,0,
Bank_AI_Scrub_Floor,pck,1,1,0.0,1,0,,0,
Bank_AI_Sniffing,pck,1,1,0.0,1,0,,0,
Bank_AI_Soko,pck,1,1,0.0,1,0,,0,
Bank_AI_TallBoy,pck,9,9,0.0,1,0,,0,
bank_AI_Thug,pck,1,1,0.0,1,0,,0,
Bank_AI_Towel_Rub,pck,1,1,0.0,1,0,,0,
Bank_AI_Weeper,pck,1,1,0.0,1,0,,0,
Bank_AI_Whistle,pck,1,1,0.0,1,0,,0,
Bank_AI_Wolfhound,pck,1,1,0.0,1,0,,0,
Bank_Amb_Alambic,pck,1,1,0.0,1,0,,0,
Bank_Amb_Alarm_01,pck,2,2,0.0,1,0,,0,
Bank_Amb_Beer_Pouring,pck,1,1,0.0,1,0,,0,
Bank_Amb_Boat_Horn_LPF,pck,12,12,0.0,1,0,,0,
Bank_Amb_Bombyx,pck,1,1,0.0,1,0,,0,
Bank_Amb_Bridge_Metal_Groan,pck,10,10,0.0,1,0,,0,
Bank_Amb_Church_Bell,pck,1,1,0.0,1,0,,0,
Bank_Amb_Crow,pck,1,1,0.0,1,0,,0,
Bank_Amb_Crows,pck,2,2,0.0,1,0,,0,
Bank_Amb_Elec_Light_Flick,pck,1,1,0.0,1,0,,0,
Bank_Amb_elec_Light_NoFlick,pck,1,1,0.0,1,0,,0,
Bank_Amb_Elixir_Refiler,pck,1,1,0.0,1,0,,0,
Bank_Amb_Fan,pck,1,1,0.0,1,0,,0,
Bank_Amb_Fire_Alcohol,pck,1,1,0.0,1,0,,0,
Bank_Amb_Fire_Chimney,pck,1,1,0.0,1,0,,0,
Bank_Amb_Fire_Place,pck,1,1,0.0,1,0,,0,
Bank_Amb_Fireworks,pck,1,1,0.0,1,0,,0,
Bank_Amb_Flag,pck,1,1,0.0,1,0,,0,
Bank_Amb_Flies,pck,1,1,0.0,1,0,,0,
Bank_Amb_Infected,pck,1,1,0.0,1,0,,0,
Bank_Amb_Insect,pck,1,1,0.0,1,0,,0,
Bank_Amb_Insect_Frog,pck,1,1,0.0,1,0,,0,
Bank_Amb_Island_Ocean,pck,5,5,0.0,1,0,,0,
Bank_Amb_LVL_Boyle_Estate,pck,13,13,0.0,1,0,,0,
Bank_Amb_LVL_Boyle_Int,pck,20,20,0.0,1,0,,0,
Bank_Amb_LVL_Bridge,pck,60,60,0.0,1,0,,0,
Bank_Amb_LVL_Brothel,pck,41,41,0.0,1,0,,0,
Bank_Amb_LVL_E3,pck,23,23,0.0,1,0,,0,
Bank_Amb_LVL_Flooded,pck,37,37,0.0,1,0,,0,
Bank_Amb_LVL_Flooded_Grid_Mvt,pck,1,1,0.0,1,0,,0,
Bank_Amb_LVL_Hub,pck,23,23,0.0,1,0,,0,
Bank_Amb_LVL_Hub_Emily,pck,1,1,0.0,1,0,,0,
Bank_Amb_LVL_Island,pck,29,29,0.0,1,0,,0,
Bank_Amb_LVL_Lighthouse,pck,16,16,0.0,1,0,,0,
Bank_Amb_LVL_Outsider,pck,2,2,0.0,1,0,,0,
Bank_Amb_LVL_Overseer,pck,35,35,0.0,1,0,,0,
Bank_Amb_LVL_Prison,pck,22,22,0.0,1,0,,0,
Bank_Amb_LVL_Prison_Bat_on_Celldoor,pck,1,1,0.0,1,0,,0,
Bank_Amb_LVL_Prison_Metal_Tray,pck,1,1,0.0,1,0,,0,
Bank_Amb_LVL_Streets,pck,69,69,0.0,1,0,,0,
Bank_Amb_LVL_Streets_Granny_Fight,pck,2,2,0.0,1,0,,0,
Bank_Amb_LVL_Tower_Intro,pck,8,8,0.0,1,0,,0,
Bank_Amb_LVL_Tower_Return,pck,52,52,0.0,1,0,,0,
Bank_Amb_Machine_Big,pck,1,1,0.0,1,0,,0,
Bank_Amb_Machine_Small,pck,1,1,0.0,1,0,,0,
Bank_Amb_Metal_Groan,pck,1,1,0.0,1,0,,0,
Bank_Amb_Metal_Groan_Medium,pck,1,1,0.0,1,0,,0,
Bank_Amb_Ocean_Distant,pck,2,2,0.0,1,0,,0,
Bank_Amb_Oil_Pour_01,pck,1,1,0.0,1,0,,0,
Bank_Amb_Oil_Pour_02,pck,1,1,0.0,1,0,,0,
Bank_Amb_Oil_Pour_03,pck,1,1,0.0,1,0,,0,
Bank_Amb_Oven,pck,1,1,0.0,1,0,,0,
Bank_Amb_Oven_Big,pck,1,1,0.0,1,0,,0,
Bank_Amb_Paper_Slide,pck,1,1,0.0,1,0,,0,
Bank_Amb_Pillory,pck,1,1,0.0,1,0,,0,
Bank_Amb_Quill,pck,1,1,0.0,1,0,,0,
Bank_Amb_Rain_05,pck,1,1,0.0,1,0,,0,
Bank_Amb_Rain_05_Localized,pck,1,1,0.0,1,0,,0,
Bank_Amb_Rain_06_Localized,pck,1,1,0.0,1,0,,0,
Bank_Amb_Rain_Light,pck,1,1,0.0,1,0,,0,
Bank_Amb_Rain_on_Concrete,pck,1,1,0.0,1,0,,0,
Bank_Amb_Rain_on_Concrete_03,pck,1,1,0.0,1,0,,0,
Bank_Amb_Rain_on_Concrete_04,pck,1,1,0.0,1,0,,0,
Bank_Amb_Rain_on_Concrete_05,pck,1,1,0.0,1,0,,0,
Bank_Amb_Rain_on_Metal_01,pck,1,1,0.0,1,0,,0,
Bank_Amb_Rain_on_Metal_02,pck,1,1,0.0,1,0,,0,
Bank_Amb_Rain_on_Metal_03,pck,1,1,0.0,1,0,,0,
Bank_Amb_Rain_on_Window,pck,2,2,0.0,1,0,,0,
Bank_Amb_Rain_on_Wood,pck,1,1,0.0,1,0,,0,
Bank_Amb_Rain_Water,pck,1,1,0.0,1,0,,0,
Bank_Amb_Rain_Windows,pck,1,1,0.0,1,0,,0,
Bank_Amb_Rats,pck,1,1,0.0,1,0,,0,
Bank_Amb_River,pck,1,1,0.0,1,0,,0,
Bank_Amb_River_Random,pck,1,1,0.0,1,0,,0,
Bank_Amb_Seagull,pck,1,1,0.0,1,0,,0,
Bank_Amb_Spark,pck,1,1,0.0,1,0,,0,
Bank_Amb_Speaker_Noise,pck,1,1,0.0,1,0,,0,
Bank_Amb_Steam,pck,1,1,0.0,1,0,,0,
Bank_Amb_Streets_Sewer_Cameo,pck,1,1,0.0,1,0,,0,
Bank_Amb_Thunder_Clap,pck,7,7,0.0,1,0,,0,
Bank_Amb_Thunder_Rumble_LPF,pck,5,5,0.0,1,0,,0,
Bank_Amb_Water_Bowl_Drip,pck,1,1,0.0,1,0,,0,
Bank_Amb_Water_Bubbling,pck,1,1,0.0,1,0,,0,
Bank_Amb_Water_Drip_Single,pck,1,1,0.0,1,0,,0,
Bank_Amb_Water_Drips_on_Concrete,pck,1,1,0.0,1,0,,0,
Bank_Amb_Water_Drips_on_Water,pck,1,1,0.0,1,0,,0,
Bank_Amb_Water_Drop,pck,1,1,0.0,1,0,,0,
Bank_Amb_Water_Fall_Small,pck,1,1,0.0,1,0,,0,
Bank_Amb_Water_Lap_Dock,pck,1,1,0.0,1,0,,0,
Bank_Amb_Water_Lap_River,pck,1,1,0.0,1,0,,0,
Bank_Amb_Water_Lock,pck,2,2,0.0,1,0,,0,
Bank_Amb_Water_Lock_Wheel,pck,2,2,0.0,1,0,,0,
Bank_Amb_Water_Quiet_Mvt,pck,1,1,0.0,1,0,,0,
Bank_Amb_Water_Stream,pck,1,1,0.0,1,0,,0,
Bank_Amb_Water_Trickle,pck,1,1,0.0,1,0,,0,
Bank_Amb_Waterfall,pck,1,1,0.0,1,0,,0,
Bank_Amb_Waterfall_on_Concrete,pck,1,1,0.0,1,0,,0,
Bank_Amb_Waterfall_on_Metal,pck,1,1,0.0,1,0,,0,
Bank_Amb_Whales,pck,2,2,0.0,1,0,,0,
Bank_Amb_Wind_Gust_01,pck,2,2,0.0,1,0,,0,
Bank_Amb_Wind_Gust_02,pck,2,2,0.0,1,0,,0,
Bank_Amb_Wind_Gust_03,pck,2,2,0.0,1,0,,0,
Bank_Amb_Wind_Gust_04,pck,2,2,0.0,1,0,,0,
Bank_Amb_Wind_Light,pck,1,1,0.0,1,0,,0,
Bank_Amb_Wind_Moan,pck,7,7,0.0,1,0,,0,
Bank_Amb_Wind_Oneshots,pck,1,1,0.0,1,0,,0,
Bank_Amb_Wind_Roof,pck,2,2,0.0,1,0,,0,
Bank_Amb_Wind_Streets_Gust,pck,1,1,0.0,1,0,,0,
Bank_Discovery,pck,8,8,0.0,1,0,,0,
Bank_Door_Wood_Pounding,pck,1,1,0.0,1,0,,0,
Bank_Fade_Master,pck,1,1,0.0,1,0,,0,
Bank_FixInt_Alarm,pck,2,2,0.0,1,0,,0,
Bank_FixInt_Bomb,pck,2,2,0.0,1,0,,0,
Bank_FixInt_Bridge_Wheel,pck,1,1,0.0,1,0,,0,
Bank_FixInt_Cable_Car,pck,3,3,0.0,1,0,,0,
Bank_FixInt_Candles,pck,1,1,0.0,1,0,,0,
Bank_FixInt_Chain_Lift,pck,1,1,0.0,1,0,,0,
Bank_FixInt_Chest,pck,1,1,0.0,1,0,,0,
Bank_fixint_chest_Metal,pck,1,1,0.0,1,0,,0,
Bank_fixint_Chest_Metal_High,pck,1,1,0.0,1,0,,0,
Bank_Fixint_Chest_Secretary,pck,1,1,0.0,1,0,,0,
Bank_FixInt_Clock_GFather,pck,1,1,0.0,1,0,,0,
Bank_FixInt_Confettis_Cannon,pck,1,1,0.0,1,0,,0,
Bank_FixInt_Corvo_Mask,pck,6,6,0.0,1,0,,0,
Bank_FixInt_Defense_Tower,pck,1,1,0.0,1,0,,0,
Bank_FixInt_Door,pck,1,1,0.0,1,0,,0,
Bank_FixInt_Door_Closet,pck,1,1,0.0,1,0,,0,
Bank_FixInt_Door_Level_Transition,pck,1,1,0.0,1,0,,0,
Bank_FixInt_Door_Metal_Cell,pck,1,1,0.0,1,0,,0,
Bank_FixInt_Door_Metal_Chain,pck,1,1,0.0,1,0,,0,
Bank_FixInt_Door_Metal_Hatch,pck,1,1,0.0,1,0,,0,
Bank_FixInt_Door_Metal_Huge,pck,1,1,0.0,1,0,,0,
Bank_FixInt_Door_Metal_Sewer_Plate,pck,1,1,0.0,1,0,,0,
Bank_FixInt_Door_Metal_Wheel_Big_01,pck,1,1,0.0,1,0,,0,
Bank_FixInt_Door_Metal_Wheel_Big_02,pck,2,2,0.0,1,0,,0,
Bank_FixInt_Door_Piero,pck,1,1,0.0,1,0,,0,
Bank_FixInt_Door_Pounding,pck,1,1,0.0,1,0,,0,
Bank_FixInt_Door_Slide_Bookshelf,pck,1,1,0.0,1,0,,0,
Bank_FixInt_Door_Stone_Slide,pck,1,1,0.0,1,0,,0,
Bank_FixInt_Door_Valve,pck,1,1,0.0,1,0,,0,
Bank_FixInt_Door_Wood_Slide,pck,1,1,0.0,1,0,,0,
Bank_FixInt_Drawbridge,pck,1,1,0.0,1,0,,0,
Bank_FixInt_Drawbridge_Big,pck,4,4,0.0,1,0,,0,
Bank_FixInt_Drawbridge_Small,pck,1,1,0.0,1,0,,0,
Bank_FixInt_Drill,pck,2,2,0.0,1,0,,0,
Bank_FixInt_Elevator,pck,1,1,0.0,1,0,,0,
Bank_FixInt_Fountain,pck,1,1,0.0,1,0,,0,
Bank_FixInt_Fountain_Drink,pck,1,1,0.0,1,0,,0,
Bank_FixInt_Globe,pck,1,1,0.0,1,0,,0,
Bank_FixInt_Grinder,pck,1,1,0.0,1,0,,0,
Bank_FixInt_Handcuff,pck,1,1,0.0,1,0,,0,
Bank_FixInt_HandVice,pck,1,1,0.0,1,0,,0,
Bank_FixInt_Instr_Harp,pck,1,1,0.0,1,0,,0,
Bank_FixInt_Instr_Music_Box,pck,1,1,0.0,1,0,,0,
Bank_FixInt_Instr_Piano,pck,1,1,0.0,1,0,,0,
Bank_FixInt_Instr_Piano_Player,pck,1,1,0.0,1,0,,0,
Bank_FixInt_Lever,pck,1,1,0.0,1,0,,0,
Bank_Fixint_Lever_Beer,pck,1,1,0.0,1,0,,0,
Bank_FixInt_Locker_Metal,pck,1,1,0.0,1,0,,0,
Bank_FixInt_Motorboat_Small,pck,4,4,0.0,1,0,,0,
Bank_FixInt_Music_Player,pck,3,3,0.0,1,0,,0,
Bank_FixInt_Music_Player_Boyle,pck,6,6,0.0,1,0,,0,
Bank_FixInt_Music_Player_Stop,pck,1,1,0.0,1,0,,0,
Bank_FixInt_Rotating_Light,pck,1,1,0.0,1,0,,0,
Bank_FixInt_Safe,pck,1,1,0.0,1,0,,0,
Bank_FixInt_Screw,pck,1,1,0.0,1,0,,0,
Bank_FixInt_SecretDoor_UnLock,pck,1,1,0.0,1,0,,0,
Bank_FixInt_Speaker,pck,10,10,0.0,1,0,,0,
Bank_FixInt_Swinging_Chandelier,pck,1,1,0.0,1,0,,0,
Bank_FixInt_Tank,pck,1,1,0.0,1,0,,0,
Bank_FixInt_Telegraph,pck,1,1,0.0,1,0,,0,
Bank_FixInt_Toilet,pck,1,1,0.0,1,0,,0,
Bank_FixInt_Torture_Generator,pck,1,1,0.0,1,0,,0,
Bank_FixInt_Trash_Bin,pck,1,1,0.0,1,0,,0,
Bank_FixInt_Tripwire,pck,1,1,0.0,1,0,,0,
Bank_FixInt_TV,pck,1,1,0.0,1,0,,0,
Bank_FixInt_Wall_of_Light,pck,1,1,0.0,1,0,,0,
Bank_FixInt_Watch_Tower,pck,2,2,0.0,1,0,,0,
Bank_FixInt_Water_Mill_01,pck,1,1,0.0,1,0,,0,
Bank_FixInt_Water_Mill_02,pck,1,1,0.0,1,0,,0,
Bank_FixInt_Water_Mill_03,pck,1,1,0.0,1,0,,0,
Bank_FixInt_Whale_Oil_Battery,pck,1,1,0.0,1,0,,0,
Bank_FixInt_Whale_Ship,pck,2,2,0.0,1,0,,0,
Bank_FixInt_WOB_Door_Receptacle,pck,1,1,0.0,1,0,,0,
Bank_Footsteps,pck,1,1,0.0,1,0,,0,
Bank_FS_AI_Rat,pck,1,1,0.0,1,0,,0,
Bank_FS_AI_TBoy,pck,1,1,0.0,1,0,,0,
Bank_FS_AI_Wolfhound,pck,1,1,0.0,1,0,,0,
Bank_Gadget,pck,14,14,0.0,1,0,,0,
Bank_Impact,pck,1,1,0.0,1,0,,0,
Bank_lever,pck,1,1,0.0,1,0,,0,
Bank_LVL_Tower_Intro_Music,pck,10,10,0.0,1,0,,0,
Bank_Music_Boatman,pck,6,6,0.0,1,0,,0,
Bank_Music_Boyle,pck,111,111,0.0,1,0,,0,
Bank_Music_Bridge,pck,85,85,0.0,1,0,,0,
Bank_Music_Brothel,pck,111,111,0.0,1,0,,0,
Bank_Music_Discovery,pck,8,8,0.0,1,0,,0,
Bank_Music_End_HiChaos,pck,8,8,0.0,1,0,,0,
Bank_Music_Escape_Big,pck,2,2,0.0,1,0,,0,
Bank_Music_Executionor_Fight,pck,2,2,0.0,1,0,,0,
Bank_Music_Flooded,pck,40,40,0.0,1,0,,0,
Bank_Music_Galvani,pck,35,35,0.0,1,0,,0,
Bank_Music_Hub,pck,59,59,0.0,1,0,,0,
Bank_Music_Lighthouse_Island,pck,56,56,0.0,1,0,,0,
Bank_Music_Menu,pck,2,2,0.0,1,0,,0,
Bank_Music_Outro_Credits,pck,3,3,0.0,1,0,,0,
Bank_Music_Outsider,pck,3,3,0.0,1,0,,0,
Bank_Music_Overseer,pck,48,48,0.0,1,0,,0,
Bank_Music_PC_Streets,pck,1,1,0.0,1,0,,0,
Bank_Music_Player_Detected,pck,9,9,0.0,1,0,,0,
Bank_Music_Prison,pck,52,52,0.0,1,0,,0,
Bank_Music_Stinger_Bridge_SokChoke,pck,2,2,0.0,1,0,,0,
Bank_Music_Stinger_Discovery_01,pck,2,2,0.0,1,0,,0,
Bank_Music_Stinger_Discovery_02a,pck,2,2,0.0,1,0,,0,
Bank_Music_Stinger_Discovery_02b,pck,2,2,0.0,1,0,,0,
Bank_Music_Stinger_Discovery_03a,pck,2,2,0.0,1,0,,0,
Bank_Music_Stinger_Discovery_03b,pck,2,2,0.0,1,0,,0,
Bank_Music_Stinger_Drama_14_v1_nk,pck,2,2,0.0,1,0,,0,
Bank_Music_Stinger_Drama_1v2a_Cut,pck,2,2,0.0,1,0,,0,
Bank_Music_Stinger_Drama_1v2b_Cut,pck,2,2,0.0,1,0,,0,
Bank_Music_Stinger_Drama_2,pck,2,2,0.0,1,0,,0,
Bank_Music_Stinger_Drama_2v2a_Cut,pck,2,2,0.0,1,0,,0,
Bank_Music_Stinger_Drama_2v2b_Cut,pck,2,2,0.0,1,0,,0,
Bank_Music_Stinger_Drama_3v2a_Cut,pck,2,2,0.0,1,0,,0,
Bank_Music_Stinger_Drama_3v2b_Cut,pck,2,2,0.0,1,0,,0,
Bank_Music_Stinger_Drama_5,pck,2,2,0.0,1,0,,0,
Bank_Music_Stinger_Drama_Boyle,pck,2,2,0.0,1,0,,0,
Bank_Music_Stinger_Mystery_01,pck,2,2,0.0,1,0,,0,
Bank_Music_Stinger_Mystery_02a,pck,2,2,0.0,1,0,,0,
Bank_Music_Stinger_Mystery_02b,pck,2,2,0.0,1,0,,0,
Bank_Music_Stinger_Mystery_04v6NK,pck,2,2,0.0,1,0,,0,
Bank_Music_Stinger_SecretArea_v1,pck,2,2,0.0,1,0,,0,
Bank_Music_Streets,pck,87,87,0.0,1,0,,0,
Bank_Music_Tower_Intro,pck,5,5,0.0,1,0,,0,
Bank_Music_UI,pck,5,5,0.0,1,0,,0,
Bank_Mvt_Sheet_01,pck,2,2,0.0,1,0,,0,
Bank_Mvt_Sheet_02,pck,2,2,0.0,1,0,,0,
Bank_Mvt_Sheet_03,pck,2,2,0.0,1,0,,0,
Bank_Mvt_Sheet_04,pck,2,2,0.0,1,0,,0,
Bank_Mvt_Sheet_05,pck,2,2,0.0,1,0,,0,
Bank_Mvt_Sheet_06,pck,2,2,0.0,1,0,,0,
Bank_Mvt_Sheet_07,pck,2,2,0.0,1,0,,0,
Bank_Mvt_Sheet_08,pck,2,2,0.0,1,0,,0,
Bank_Mvt_Sheet_09,pck,2,2,0.0,1,0,,0,
Bank_Mvt_Sheet_10,pck,2,2,0.0,1,0,,0,
Bank_Mvt_Sheet_11,pck,2,2,0.0,1,0,,0,
Bank_Phys,pck,1,1,0.0,1,0,,0,
Bank_Phys_Huge_Pipe,pck,1,1,0.0,1,0,,0,
Bank_Phys_Metal_Box_Fall,pck,2,2,0.0,1,0,,0,
Bank_Player,pck,2,2,0.0,1,0,,0,
Bank_Player_Pain_Torture,pck,1,1,0.0,1,0,,0,
Bank_Power_Granny,pck,1,1,0.0,1,0,,0,
Bank_Power_Player,pck,10,10,0.0,1,0,,0,
Bank_Power_Player_ShadowKill,pck,1,1,0.0,1,0,,0,
Bank_Special_Scene_Prison,pck,2,2,0.0,1,0,,0,
Bank_UI,pck,4,4,0.0,1,0,,0,
Bank_UI_Audiolog_Noise,pck,2,2,0.0,1,0,,0,
Bank_UI_Heart_Whispers,pck,7,7,0.0,1,0,,0,
Bank_UI_Ingame_Log,pck,1,1,0.0,1,0,,0,
Bank_UI_Ingame_Note,pck,2,2,0.0,1,0,,0,
Bank_UI_Ingame_Pickup,pck,5,5,0.0,1,0,,0,
Bank_UI_Ingame_Pickup_Book,pck,1,1,0.0,1,0,,0,
Bank_UI_Ingame_Pickup_Paint,pck,2,2,0.0,1,0,,0,
Bank_UI_Ingame_Rune,pck,1,1,0.0,1,0,,0,
Bank_UI_Ingame_Slomo,pck,1,1,0.0,1,0,,0,
Bank_UI_Ingame_Water,pck,2,2,0.0,1,0,,0,
Bank_UI_Ingame_WBC_Amb,pck,1,1,0.0,1,0,,0,
Bank_UI_Ingame_Wheel,pck,2,2,0.0,1,0,,0,
Bank_UI_Objective,pck,5,5,0.0,1,0,,0,
Bank_UI_One_Shot_Kill,pck,7,7,0.0,1,0,,0,
Bank_UI_Regen,pck,1,1,0.0,1,0,,0,
Bank_UI_Speaker,pck,1,1,0.0,1,0,,0,
Bank_UI_Stop_All,pck,1,1,0.0,1,0,,0,
Bank_UI_Underwater_Death,pck,1,1,0.0,1,0,,0,
Bank_VO_Bark,pck,1,1,0.0,1,0,,0,
Bank_Weapon,pck,1,1,0.0,1,0,,0,
Bank_Weapon_Sword_Corvo,pck,1,1,0.0,1,0,,0,
WwiseDefaultBank_WwiseGlobal,pck,1,1,0.0,1,0,,0,
Bank_DLC05_AkStopAll,pck,1,1,0.0,1,0,,0,
Bank_DLC05_Music,pck,33,33,0.0,1,0,,0,
Bank_DLC05_SFX,pck,7,7,0.0,1,0,,0,
Bank_DLC05_UI,pck,2,2,0.0,1,0,,0,
Bank_Music_Paint_Pickup,pck,2,2,0.0,1,0,,0,
Bank_DLC06_AI_Assassin_Sword,pck,1,1,0.0,1,0,,0,
Bank_DLC06_AI_Butcher,pck,1,1,0.0,1,0,,0,
Bank_DLC06_AI_Butcher_Blade,pck,1,1,0.0,1,0,,0,
Bank_DLC06_AI_Butcher_Mvt_02,pck,1,1,0.0,1,0,,0,
Bank_DLC06_AI_Butcher_Mvt_06,pck,1,1,0.0,1,0,,0,
Bank_DLC06_AI_Butcher_Mvt_07,pck,1,1,0.0,1,0,,0,
Bank_DLC06_AI_Butcher_Mvt_08,pck,1,1,0.0,1,0,,0,
Bank_DLC06_AI_Butcher_Mvt_10,pck,1,1,0.0,1,0,,0,
Bank_DLC06_AI_Butcher_Mvt_12,pck,1,1,0.0,1,0,,0,
Bank_DLC06_AI_Butcher_Mvt_14,pck,1,1,0.0,1,0,,0,
Bank_DLC06_AI_Butcher_Mvt_18,pck,1,1,0.0,1,0,,0,
Bank_DLC06_AI_Butcher_Mvt_20,pck,1,1,0.0,1,0,,0,
Bank_DLC06_AI_Butcher_Steps,pck,1,1,0.0,1,0,,0,
Bank_DLC06_AI_Civilian_Gut_Kick,pck,1,1,0.0,1,0,,0,
Bank_DLC06_AI_Cough,pck,1,1,0.0,1,0,,0,
Bank_DLC06_AI_Overseer,pck,1,1,0.0,1,0,,0,
Bank_DLC06_AI_Overseer_Music,pck,3,3,0.0,1,0,,0,
Bank_DLC06_AI_Whale,pck,3,3,0.0,1,0,,0,
Bank_DLC06_AI_Witch_RangeAttack,pck,1,1,0.0,1,0,,0,
Bank_DLC06_AI_Witch_Scream,pck,5,5,0.0,1,0,,0,
Bank_DLC06_Amb_Ambers,pck,1,1,0.0,1,0,,0,
Bank_DLC06_Amb_Boil_Expl,pck,4,4,0.0,1,0,,0,
Bank_DLC06_Amb_Bubbling,pck,2,2,0.0,1,0,,0,
Bank_DLC06_Amb_Crate_Hammer,pck,1,1,0.0,1,0,,0,
Bank_DLC06_Amb_Fall_Dirt,pck,1,1,0.0,1,0,,0,
Bank_DLC06_Amb_Fire_Pipe,pck,1,1,0.0,1,0,,0,
Bank_DLC06_Amb_Level_SlaughterExt,pck,25,25,0.0,1,0,,0,
Bank_DLC06_Amb_Level_SlaughterInt,pck,29,29,0.0,1,0,,0,
Bank_DLC06_Amb_Level_Timsh,pck,3,3,0.0,1,0,,0,
Bank_DLC06_Amb_Level_Tower,pck,10,10,0.0,1,0,,0,
Bank_DLC06_Amb_Level_Tower_Breath,pck,2,2,0.0,1,0,,0,
Bank_DLC06_Amb_Metal_Groan,pck,1,1,0.0,1,0,,0,
Bank_DLC06_Amb_Steam_Big,pck,6,6,0.0,1,0,,0,
Bank_DLC06_Amb_Steam_Light,pck,1,1,0.0,1,0,,0,
Bank_DLC06_FixInt_Bridge_Wheel,pck,1,1,0.0,1,0,,0,
Bank_DLC06_FixInt_Dumbwaiter_Bell,pck,1,1,0.0,1,0,,0,
Bank_DLC06_FixInt_Dumbwaiter_Mvt,pck,4,4,0.0,1,0,,0,
Bank_DLC06_FixInt_Wheel,pck,1,1,0.0,1,0,,0,
Bank_DLC06_Impact_Body,pck,1,1,0.0,1,0,,0,
Bank_DLC06_Impact_Stone,pck,3,3,0.0,1,0,,0,
Bank_DLC06_Music_Fight_Lurke,pck,4,4,0.0,1,0,,0,
Bank_DLC06_Music_Menu,pck,2,2,0.0,1,0,,0,
Bank_DLC06_Music_Stinger,pck,19,19,0.0,1,0,,0,
Bank_DLC06_Music_Timsh,pck,87,87,0.0,1,0,,0,
Bank_DLC06_Phys,pck,1,1,0.0,1,0,,0,
Bank_DLC06_Player_Hand_Cut,pck,5,5,0.0,1,0,,0,
Bank_DLC06_Powers,pck,2,2,0.0,1,0,,0,
Bank_DLC06_UI,pck,1,1,0.0,1,0,,0,
Bank_DLC06_Weapons_ArcMine,pck,1,1,0.0,1,0,,0,
Bank_DLC06_Weapons_Chokedust,pck,1,1,0.0,1,0,,0,
Bank_DLC06_Weapons_Wristbow,pck,1,1,0.0,1,0,,0,
Bank_Speaker,pck,1,1,0.0,1,0,,0,
Bank_AI_Assassin_Mvt_Land_02,pck,1,1,0.0,1,0,,0,
Bank_DLC06_AI_Assassin_Sword,pck,1,1,0.0,1,0,,0,
Bank_DLC06_AI_Butcher,pck,1,1,0.0,1,0,,0,
Bank_DLC06_AI_Butcher_Blade,pck,1,1,0.0,1,0,,0,
Bank_DLC06_AI_Butcher_Mvt_02,pck,1,1,0.0,1,0,,0,
Bank_DLC06_AI_Butcher_Mvt_03,pck,1,1,0.0,1,0,,0,
Bank_DLC06_AI_Butcher_Mvt_06,pck,1,1,0.0,1,0,,0,
Bank_DLC06_AI_Butcher_Mvt_08,pck,1,1,0.0,1,0,,0,
Bank_DLC06_AI_Butcher_Mvt_12,pck,1,1,0.0,1,0,,0,
Bank_DLC06_AI_Butcher_Mvt_20,pck,1,1,0.0,1,0,,0,
Bank_DLC06_AI_Cough,pck,1,1,0.0,1,0,,0,
Bank_DLC06_AI_Witch_RangeAttack,pck,1,1,0.0,1,0,,0,
Bank_DLC06_AI_Witch_Scream,pck,5,5,0.0,1,0,,0,
Bank_DLC06_Amb_Boil_Expl,pck,4,4,0.0,1,0,,0,
Bank_DLC06_Amb_Level_SlaughterExt,pck,25,25,0.0,1,0,,0,
Bank_DLC06_Amb_Level_SlaughterInt,pck,29,29,0.0,1,0,,0,
Bank_DLC06_Amb_Steam_Big,pck,6,6,0.0,1,0,,0,
Bank_DLC06_Impact_Stone,pck,3,3,0.0,1,0,,0,
Bank_DLC06_Music_Stinger,pck,19,19,0.0,1,0,,0,
Bank_DLC06_Player_Death_Bark,pck,1,1,0.0,1,0,,0,
Bank_DLC06_Player_Hand_Cut,pck,5,5,0.0,1,0,,0,
Bank_DLC06_Powers,pck,2,2,0.0,1,0,,0,
Bank_DLC06_UI,pck,1,1,0.0,1,0,,0,
Bank_DLC06_Weapons_ArcMine,pck,1,1,0.0,1,0,,0,
Bank_DLC06_Weapons_Chokedust,pck,1,1,0.0,1,0,,0,
Bank_DLC06_Weapons_Wristbow,pck,1,1,0.0,1,0,,0,
Bank_DLC07_AI_Assassin_Choke,pck,1,1,0.0,1,0,,0,
Bank_DLC07_AI_Female_Hurt,pck,1,1,0.0,1,0,,0,
Bank_DLC07_AI_GHound_Attack_Scream,pck,1,1,0.0,1,0,,0,
Bank_DLC07_AI_GHound_Bark,pck,1,1,0.0,1,0,,0,
Bank_DLC07_AI_GHound_Breath_Run,pck,1,1,0.0,1,0,,0,
Bank_DLC07_AI_GHound_FS,pck,1,1,0.0,1,0,,0,
Bank_DLC07_AI_GHound_Growl,pck,1,1,0.0,1,0,,0,
Bank_DLC07_AI_GHound_Hissing,pck,1,1,0.0,1,0,,0,
Bank_DLC07_AI_GHound_Howling,pck,1,1,0.0,1,0,,0,
Bank_DLC07_AI_GHound_IdleSearch_01,pck,1,1,0.0,1,0,,0,
Bank_DLC07_AI_GHound_IdleSearch_02,pck,1,1,0.0,1,0,,0,
Bank_DLC07_AI_GHound_IdleSearch_03,pck,1,1,0.0,1,0,,0,
Bank_DLC07_AI_GHound_Impact_Skull,pck,1,1,0.0,1,0,,0,
Bank_DLC07_AI_GHound_Minigame,pck,1,1,0.0,1,0,,0,
Bank_DLC07_AI_GHound_Pain,pck,1,1,0.0,1,0,,0,
Bank_DLC07_AI_GHound_Respawn,pck,1,1,0.0,1,0,,0,
Bank_DLC07_AI_GHound_Scratching,pck,1,1,0.0,1,0,,0,
Bank_DLC07_AI_GHound_Search_11,pck,1,1,0.0,1,0,,0,
Bank_DLC07_AI_GHound_Search_14,pck,1,1,0.0,1,0,,0,
Bank_DLC07_AI_GHound_Search_15,pck,1,1,0.0,1,0,,0,
Bank_DLC07_AI_GHound_Shake,pck,1,1,0.0,1,0,,0,
Bank_DLC07_AI_Male_Hurt,pck,1,1,0.0,1,0,,0,
Bank_DLC07_AI_Tentacles,pck,1,1,0.0,1,0,,0,
Bank_DLC07_AI_Tentacles_Hit,pck,1,1,0.0,1,0,,0,
Bank_DLC07_AI_Tentacles_Pull,pck,1,1,0.0,1,0,,0,
Bank_DLC07_AI_Tentacles_Trashing,pck,1,1,0.0,1,0,,0,
Bank_DLC07_AI_Thug_Proj_Impact,pck,1,1,0.0,1,0,,0,
Bank_DLC07_AI_Thug_Slide,pck,1,1,0.0,1,0,,0,
Bank_DLC07_AI_Witch_Bolt_Impact,pck,1,1,0.0,1,0,,0,
Bank_DLC07_AI_Witch_Summon,pck,1,1,0.0,1,0,,0,
Bank_DLC07_AI_Witch_Teleport,pck,1,1,0.0,1,0,,0,
Bank_DLC07_Amb_Chandelier,pck,1,1,0.0,1,0,,0,
Bank_DLC07_Amb_CR_Void,pck,2,2,0.0,1,0,,0,
Bank_DLC07_Amb_Drone_Delilah,pck,3,3,0.0,1,0,,0,
Bank_DLC07_Amb_Flag,pck,1,1,0.0,1,0,,0,
Bank_DLC07_Amb_Lantern,pck,3,3,0.0,1,0,,0,
Bank_DLC07_Amb_LVL_Brigmore_Ext,pck,17,17,0.0,1,0,,0,
Bank_DLC07_Amb_LVL_Brigmore_Int,pck,36,36,0.0,1,0,,0,
Bank_DLC07_Amb_LVL_Brigmore_Void,pck,6,6,0.0,1,0,,0,
Bank_DLC07_Amb_Lvl_Coldridge_Volume,pck,1,1,0.0,1,0,,0,
Bank_DLC07_Amb_LVL_Draper_Mill,pck,21,21,0.0,1,0,,0,
Bank_DLC07_Amb_LVL_Draper_Streets,pck,19,19,0.0,1,0,,0,
Bank_DLC07_Amb_LVL_Draper_Ward,pck,16,16,0.0,1,0,,0,
Bank_DLC07_Amb_LVL_DraperShip,pck,9,9,0.0,1,0,,0,
Bank_DLC07_Amb_LVL_Intro,pck,1,1,0.0,1,0,,0,
Bank_DLC07_Amb_Paint,pck,2,2,0.0,1,0,,0,
Bank_DLC07_Amb_Rune,pck,1,1,0.0,1,0,,0,
Bank_DLC07_Amb_Thunder_Void,pck,2,2,0.0,1,0,,0,
Bank_DLC07_Amb_Uwater_Bubbles,pck,1,1,0.0,1,0,,0,
Bank_DLC07_Amb_Void_Wind,pck,2,2,0.0,1,0,,0,
Bank_DLC07_Amb_Vortex_End,pck,1,1,0.0,1,0,,0,
Bank_DLC07_Amb_Waterfall,pck,1,1,0.0,1,0,,0,
Bank_DLC07_Amb_WindTree,pck,1,1,0.0,1,0,,0,
Bank_DLC07_Delilah_Glitches_01,pck,2,2,0.0,1,0,,0,
Bank_DLC07_Delilah_Glitches_02,pck,2,2,0.0,1,0,,0,
Bank_DLC07_Delilah_Glitches_03,pck,2,2,0.0,1,0,,0,
Bank_DLC07_Delilah_Glitches_04,pck,2,2,0.0,1,0,,0,
Bank_DLC07_Delilah_Glitches_05,pck,2,2,0.0,1,0,,0,
Bank_DLC07_Delilah_Glitches_06,pck,2,2,0.0,1,0,,0,
Bank_DLC07_Delilah_Glitches_07,pck,2,2,0.0,1,0,,0,
Bank_DLC07_Delilah_Ritual,pck,2,2,0.0,1,0,,0,
Bank_DLC07_Delilah_Ritual_Start_01,pck,1,1,0.0,1,0,,0,
Bank_DLC07_Delilah_Ritual_Start_02,pck,1,1,0.0,1,0,,0,
Bank_DLC07_Delilah_Whoosh_01,pck,1,1,0.0,1,0,,0,
Bank_DLC07_Delilah_Whoosh_02,pck,1,1,0.0,1,0,,0,
Bank_DLC07_Delilah_Whoosh_03,pck,1,1,0.0,1,0,,0,
Bank_DLC07_Delilah_Whoosh_04,pck,1,1,0.0,1,0,,0,
Bank_DLC07_Delilah_Whoosh_05,pck,1,1,0.0,1,0,,0,
Bank_DLC07_Delilah_Whoosh_06,pck,1,1,0.0,1,0,,0,
Bank_DLC07_Delilah_Whoosh_07,pck,1,1,0.0,1,0,,0,
Bank_DLC07_Fade_All,pck,1,1,0.0,1,0,,0,
Bank_DLC07_FixInt_Audiograph,pck,1,1,0.0,1,0,,0,
Bank_DLC07_FixInt_Ctrl_Panel_Light,pck,1,1,0.0,1,0,,0,
Bank_DLC07_FixInt_Door_Cell,pck,1,1,0.0,1,0,,0,
Bank_DLC07_FixInt_FanExpl_Loop,pck,1,1,0.0,1,0,,0,
Bank_DLC07_FixInt_FanExpl_Whoosh,pck,1,1,0.0,1,0,,0,
Bank_DLC07_FixInt_Geezer_Machine,pck,2,2,0.0,1,0,,0,
Bank_DLC07_FixInt_LizzyBoat_Coil,pck,1,1,0.0,1,0,,0,
Bank_DLC07_FixInt_LizzyBoat_Engine_1,pck,2,2,0.0,1,0,,0,
Bank_DLC07_FixInt_LizzyBoat_Engine_2,pck,2,2,0.0,1,0,,0,
Bank_DLC07_FixInt_LizzyBoat_horn,pck,2,2,0.0,1,0,,0,
Bank_DLC07_FixInt_Loom,pck,1,1,0.0,1,0,,0,
Bank_DLC07_FixInt_Mill_Engine,pck,4,4,0.0,1,0,,0,
Bank_DLC07_FixInt_Overseer_Speaker,pck,3,3,0.0,1,0,,0,
Bank_DLC07_FixInt_Paint_Pickup,pck,1,1,0.0,1,0,,0,
Bank_DLC07_FixInt_Poison,pck,1,1,0.0,1,0,,0,
Bank_DLC07_FixInt_Ring,pck,1,1,0.0,1,0,,0,
Bank_DLC07_FixInt_Signal_Bell,pck,1,1,0.0,1,0,,0,
Bank_DLC07_FixInt_Toilet_Squish,pck,1,1,0.0,1,0,,0,
Bank_DLC07_FixInt_WheelFlow,pck,1,1,0.0,1,0,,0,
Bank_DLC07_FixInt_WheelFlow_Lock,pck,1,1,0.0,1,0,,0,
Bank_DLC07_Impact_Sword_VS,pck,1,1,0.0,1,0,,0,
Bank_DLC07_Music_Brigmore,pck,56,56,0.0,1,0,,0,
Bank_DLC07_Music_Corvo_Fight,pck,3,3,0.0,1,0,,0,
Bank_DLC07_Music_Intro_Dream,pck,3,3,0.0,1,0,,0,
Bank_DLC07_Music_Main_Menu,pck,2,2,0.0,1,0,,0,
Bank_DLC07_Music_Stinger_01,pck,2,2,0.0,1,0,,0,
Bank_DLC07_Music_Stinger_02,pck,2,2,0.0,1,0,,0,
Bank_DLC07_Music_Stinger_03,pck,2,2,0.0,1,0,,0,
Bank_DLC07_Music_Stinger_04,pck,2,2,0.0,1,0,,0,
Bank_DLC07_Music_Stinger_05,pck,1,1,0.0,1,0,,0,
Bank_DLC07_Music_Stinger_06,pck,1,1,0.0,1,0,,0,
Bank_DLC07_Music_Stinger_07,pck,1,1,0.0,1,0,,0,
Bank_DLC07_Music_Void_Fight,pck,3,3,0.0,1,0,,0,
Bank_DLC07_Phys_Brush_Take,pck,1,1,0.0,1,0,,0,
Bank_DLC07_Phys_Plate_Put,pck,1,1,0.0,1,0,,0,
Bank_DLC07_Phys_Skeletal,pck,1,1,0.0,1,0,,0,
Bank_DLC07_Power_Corvo_Blink,pck,2,2,0.0,1,0,,0,
Bank_DLC07_Power_Pull,pck,2,2,0.0,1,0,,0,
