class,staticclass_va,staticclass_rva
UField,0x00421570,0x21570
UStruct,0x00423c50,0x23c50
UState,0x004246c0,0x246c0
UClass,0x00425350,0x25350
UObject,0x00428490,0x28490
UPackage,0x00434330,0x34330
UCommandlet,0x00479ef0,0x79ef0
UFunction,0x00479f30,0x79f30
UEnum,0x00479f70,0x79f70
UConst,0x0047a090,0x7a090
UObjectRedirector,0x0047a0b0,0x7a0b0
UScriptStruct,0x0047c630,0x7c630
UIntProperty,0x0047c650,0x7c650
UBoolProperty,0x0047c670,0x7c670
UFloatProperty,0x0047c690,0x7c690
UObjectProperty,0x0047c6b0,0x7c6b0
UInterfaceProperty,0x0047c6d0,0x7c6d0
UNameProperty,0x0047c6f0,0x7c6f0
UStrProperty,0x0047c710,0x7c710
UArrayProperty,0x0047c730,0x7c730
UMapProperty,0x0047c750,0x7c750
UStructProperty,0x0047c770,0x7c770
UDelegateProperty,0x0047c790,0x7c790
UDistributionFloat,0x0047ff70,0x7ff70
UDistributionVector,0x0047ff90,0x7ff90
UComponentProperty,0x0047ffd0,0x7ffd0
UClassProperty,0x0047fff0,0x7fff0
USkeletalMesh,0x004af3f0,0xaf3f0
UPolys,0x004afd10,0xafd10
UModel,0x004aff40,0xaff40
ULevel,0x004d9260,0xd9260
UStaticMeshComponent,0x004d9280,0xd9280
UModelComponent,0x004d93f0,0xd93f0
UMaterialInstanceConstant,0x004d9ee0,0xd9ee0
UDynamicLightEnvironmentComponent,0x004e5170,0xe5170
UTexture2D,0x0050ecd0,0x10ecd0
UMaterialInstance,0x005135b0,0x1135b0
UMaterialExpressionDynamicParameter,0x005198b0,0x1198b0
UMaterialExpressionParameter,0x005198d0,0x1198d0
UMaterialExpressionTextureSample,0x005198f0,0x1198f0
UMaterialExpressionFontSampleParameter,0x0051bf20,0x11bf20
UMaterialExpressionScalarParameter,0x0051bf40,0x11bf40
UMaterialExpressionStaticSwitchParameter,0x0051bf60,0x11bf60
UMaterialExpressionVectorParameter,0x0051bf80,0x11bf80
UMaterialExpressionTextureSampleParameter,0x0051bfa0,0x11bfa0
UMaterialExpressionStaticComponentMaskParameter,0x0051f180,0x11f180
UMaterialExpressionTextureSampleParameterCube,0x0051f320,0x11f320
UMaterialExpressionTextureSampleParameterNormal,0x0051f340,0x11f340
UMaterialExpressionTextureCoordinate,0x00527ad0,0x127ad0
UMaterialExpressionTextureSampleParameter2D,0x00527af0,0x127af0
UBrushComponent,0x005292b0,0x1292b0
AVolume,0x00529480,0x129480
AGameInfo,0x00529950,0x129950
ANavigationPoint,0x00529a60,0x129a60
APlayerController,0x0052d4e0,0x12d4e0
UMaterialInstanceTimeVarying,0x00531fe0,0x131fe0
USkeletalMeshComponent,0x00566330,0x166330
APawn,0x00566800,0x166800
AActor,0x00572c80,0x172c80
UStaticMesh,0x0058c200,0x18c200
ASkeletalMeshActorSpawnable,0x005bb570,0x1bb570
UFont,0x005caed0,0x1caed0
UMaterialExpressionComponentMask,0x005ce8a0,0x1ce8a0
UMaterialExpressionMeshEmitterDynamicParameter,0x005cec10,0x1cec10
UMaterialExpressionFontSample,0x005cec30,0x1cec30
UMaterialExpressionLightmapUVs,0x005cec50,0x1cec50
UMaterialExpressionAntialiasedTextureMask,0x005cec70,0x1cec70
UMaterialExpressionTextureSampleParameterMeshSubUV,0x005cee90,0x1cee90
UMaterialExpressionTextureSampleParameterMeshSubUVBlend,0x005cef80,0x1cef80
UMaterialExpressionTextureSampleParameterSubUV,0x005cf070,0x1cf070
UMaterialExpressionTextureSampleParameterMovie,0x005cf190,0x1cf190
UNavigationMeshBase,0x00611be0,0x211be0
USeqVar_Object,0x00611cb0,0x211cb0
URB_BodySetup,0x00611cd0,0x211cd0
URB_BodyInstance,0x00611cf0,0x211cf0
UUIRoot,0x00611d10,0x211d10
UParticleSystemComponent,0x00611fa0,0x211fa0
AEmitter,0x00611fc0,0x211fc0
APathNode,0x006120b0,0x2120b0
AStaticMeshActor,0x006120d0,0x2120d0
AStaticMeshCollectionActor,0x006120f0,0x2120f0
UGFxObject,0x00612300,0x212300
AKActorFromStatic,0x006a0670,0x2a0670
USeqVar_Vector,0x006e78b0,0x2e78b0
AStaticMeshActorBase,0x007a57b0,0x3a57b0
USurface,0x007cdf00,0x3cdf00
ATrigger,0x0086e920,0x46e920
UParticleModuleColorOverLife,0x008bdda0,0x4bdda0
UParticleModuleLocation,0x008bddc0,0x4bddc0
UParticleModuleMeshRotation,0x008bde00,0x4bde00
UParticleModuleRotationRate,0x008bde20,0x4bde20
UParticleModuleSize,0x008bde40,0x4bde40
UParticleModuleSizeMultiplyLife,0x008bde60,0x4bde60
UParticleModuleVelocity,0x008bdee0,0x4bdee0
UParticleModuleLocationPrimitiveCylinder,0x008c0780,0x4c0780
UAnimNotify_SoireeIn,0x008fe6f0,0x4fe6f0
UAnimNotify_SoireeOut,0x008fe710,0x4fe710
ADisRiverKrust,0x009e5050,0x5e5050
AInterpActor,0x009e55f0,0x5e55f0
UDisTweaksBase,0x009ec000,0x5ec000
UDisDamageType_CrushKnockdown,0x009ec2a0,0x5ec2a0
ADishonoredPawn,0x009ecc90,0x5ecc90
ADishonoredPlayerPawn,0x009efa50,0x5efa50
ADishonoredNPCPawn,0x009f4c90,0x5f4c90
ADisPossessionProxyPawn,0x009f53d0,0x5f53d0
ADisWhaleOilBattery,0x009f6320,0x5f6320
ADisPickup_Base,0x009f6380,0x5f6380
ADisProjectile,0x009f6560,0x5f6560
UDisContactType_Environment,0x009f6580,0x5f6580
UDisDamageType_FishBite,0x009fb190,0x5fb190
ADisFish,0x009fc6c0,0x5fc6c0
ADisGameCrowdAgentSkeletalRat,0x00a17e80,0x617e80
ATrigger_LOS,0x00a1ab00,0x61ab00
UDisDamageType_Impact,0x00a1acf0,0x61acf0
UDishonoredDamageType,0x00a1f470,0x61f470
ADishonoredKAsset,0x00a1f600,0x61f600
UDishonoredDamageType_Electricity,0x00a24280,0x624280
UDishonoredDamageType_Explosion,0x00a242a0,0x6242a0
UDishonoredDamageType_FastHit,0x00a242c0,0x6242c0
ADisGadget_SpringRazorPlaced,0x00a445a0,0x6445a0
ADisTripwire,0x00a45060,0x645060
ADishonoredPlayerController,0x00a620a0,0x6620a0
UDishonoredCamera_PlayerControl,0x00a622d0,0x6622d0
UStateNPCMasterThrown,0x00a62320,0x662320
ADishonoredNPCController,0x00a62580,0x662580
UDisItemPowers,0x00a62620,0x662620
UDishonoredWeapon,0x00a62640,0x662640
UDisItemContext_NPCAttractSpellCoupDeGrace,0x00a62660,0x662660
UDisItemContext_NPCAttractSpell,0x00a62680,0x662680
UDishonoredWeapon_Ranged,0x00a626c0,0x6626c0
UStatePlayerMasterAction,0x00a70dd0,0x670dd0
UStateNPCMasterActionMeleeSwarm,0x00a70df0,0x670df0
UStateNPCMasterBeingAssassinated,0x00a70e10,0x670e10
UStatePlayerTransitionItemIn,0x00a72140,0x672140
UStateNPCMasterStrongHitReact,0x00a74e70,0x674e70
ADishonoredUsableObject,0x00a7ff40,0x67ff40
UStateNPCMasterBePossessed,0x00a81340,0x681340
UStateNPCMasterFalling,0x00a81360,0x681360
UStateNPCMasterStunned,0x00a81380,0x681380
UStateNPCMasterFallingUncontrolled,0x00a81400,0x681400
UDishonoredWepSword,0x00a81550,0x681550
UStatePlayerMasterSlide,0x00aa2790,0x6a2790
ADisDefenceTower,0x00b025e0,0x7025e0
UDisBehaviorCombat,0x00b02930,0x702930
UDisWepMusicBox,0x00b02c20,0x702c20
UDisItemContext_NPC_OverseerJumpAway,0x00b02c40,0x702c40
UDisItemContext_NPCPush,0x00b29660,0x729660
UDisItemContext_NPCSideStep,0x00b29680,0x729680
UDisContactType_Corpse,0x00b4bf00,0x74bf00
UDisDamageType_FastHit_Right,0x00bbbde0,0x7bbde0
UDisDamageType_ImpactHit_Right,0x00bbbe00,0x7bbe00
UDisDamageType_ImpactHit_Adrenaline_Right,0x00bbbe20,0x7bbe20
UDisDamageType_BlinkKnockdown,0x00be8320,0x7e8320
UDisDamageType_BlinkPush,0x00be8340,0x7e8340
ADisClimbable,0x00be8360,0x7e8360
UDisDamageType_FastHit_Up_Left,0x00bffff0,0x7ffff0
UDisDamageType_FastHit_Up_Right,0x00c00010,0x800010
UDisDamageType_FastHit_Up,0x00c00030,0x800030
UDisDamageType_ImpactHit,0x00c00050,0x800050
UDisDamageType_ImpactHit_Up_Right,0x00c00070,0x800070
UDisDamageType_ImpactHit_Up,0x00c00090,0x800090
UDisDamageType_ImpactHit_Adrenaline,0x00c000b0,0x8000b0
UDisDamageType_ImpactHit_Adrenaline_Up_Left,0x00c000d0,0x8000d0
UDisDamageType_ImpactHit_Adrenaline_Up_Right,0x00c000f0,0x8000f0
UDisDamageType_ImpactHit_Adrenaline_Up,0x00c00110,0x800110
UDishonoredDamageType_BulletBlast,0x00c1d9b0,0x81d9b0
UDisContactType_PistolBlast,0x00c1e720,0x81e720
UDisWepThrowingHand,0x00c29d90,0x829d90
UDisNavMeshPath_AvoidRatLight,0x00c64ad0,0x864ad0
UDisSeqEvent_RatPossess,0x00c66340,0x866340
