index,name
88,Rotator
89,SHVector
90,Color
91,Plane
92,Button
94,Matrix
95,LinearColor
96,QWord
97,Pointer
98,Double
99,Quat
100,Begin
102,State
103,Function
104,Self
105,TRUE
106,FALSE
107,Transient
117,Enum
119,Replication
120,Reliable
121,Unreliable
122,Always
123,Server
124,Client
125,K2Call
126,K2Override
127,K2Pure
150,Field
151,Object
152,TextBuffer
153,Linker
154,LinkerLoad
155,LinkerSave
156,Subsystem
157,Factory
158,TextBufferFactory
159,Exporter
160,StackNode
161,Property
162,Camera
163,PlayerInput
164,Actor
165,ObjectRedirector
166,ObjectArchetype
200,GameStats
201,DevFaceFX
202,DevCrossLevel
203,DevConfig
204,DevCamera
205,DebugState
206,DevAbsorbFuncs
207,DevLevelTools
208,DevGFxUI
209,DevGFxUIWarning
210,DevNavMesh
211,DevNavMeshWarning
212,DevMatinee
213,PS3
214,DevMCP
215,DevBeacon
300,Destroyed
301,GainedChild
302,LostChild
303,HitWall
304,Falling
305,Landed
306,Touch
307,UnTouch
308,Bump
309,BeginState
310,EndState
311,BaseChange
312,Attach
313,Detach
314,EncroachingOn
315,EncroachedBy
316,MayFall
317,Tick
318,SeePlayer
319,EnemyNotVisible
320,HearNoise
321,UpdateEyeHeight
322,SeeMonster
323,SpecialHandling
324,BotDesireability
325,NotifyBump
326,NotifyLanded
327,NotifyHitWall
328,PreBeginPlay
329,PostBeginPlay
330,UnusedProbe
331,All
398,PoppedState
399,PushedState
400,MeshEmitterVertexColor
401,TextureOffsetParameter
402,TextureScaleParameter
403,ImpactVel
404,SlideVel
405,TextureOffset1Parameter
406,MeshEmitterDynamicParameter
407,ExpressionInput
600,Vect
601,Rot
605,ArrayCount
606,EnumCount
607,Rng
608,NameOf
620,Else
621,If
622,Goto
623,Stop
625,Until
626,While
627,Do
628,Break
629,For
630,ForEach
631,Assert
632,Switch
633,Case
634,Default
635,Continue
636,ElseIf
637,FilterEditorOnly
640,Private
641,Const
642,Out
643,Export
644,DuplicateTransient
645,NoImport
646,Skip
647,Coerce
648,Optional
649,Input
650,Config
651,EditorOnly
652,NotForConsole
653,EditConst
654,Localized
655,GlobalConfig
656,SafeReplace
657,New
658,Protected
659,Public
660,EditInline
661,EditInlineUse
662,Deprecated
663,Atomic
664,Immutable
665,Automated
666,RepNotify
667,Interp
668,NoClear
669,NonTransactional
670,EditFixedSize
671,Intrinsic
672,Within
673,Abstract
674,Package
675,Guid
676,Parent
677,Class
678,Extends
679,NoExport
680,Placeable
681,PerObjectConfig
682,NativeReplication
683,NotPlaceable
684,EditInlineNew
685,NotEditInlineNew
686,HideCategories
687,ShowCategories
688,CollapseCategories
689,DontCollapseCategories
690,Auto
691,Ignores
692,Instanced
693,Component
694,Components
695,Global
696,Super
697,Outer
698,DependsOn
699,HideDropDown
700,Operator
701,PreOperator
702,PostOperator
703,Final
704,Iterator
705,Latent
706,Return
707,Singular
708,Simulated
709,Exec
710,Event
711,Static
712,Native
713,Invariant
714,Delegate
715,Virtual
716,NoExportHeader
717,DLLImport
718,UnusedFunctionKeyword2
719,UnusedFunctionKeyword3
720,Var
721,Local
722,Import
723,From
730,Spawn
731,Array
732,Map
733,AutoExpandCategories
734,AutoCollapseCategories
735,DontAutoCollapseCategories
736,DontSortCategories
740,Tag
742,Role
743,RemoteRole
744,System
745,User
746,PersistentLevel
747,TheWorld
750,Windows
751,XBox
752,PlayStation
753,Linux
754,MacOSX
755,PC
756,DevDecals
757,PerfWarning
758,DevStreaming
759,DevLive
760,Log
761,Critical
762,Init
763,Exit
764,Cmd
765,Play
766,Console
767,Warning
768,ExecWarning
769,ScriptWarning
770,ScriptLog
771,Dev
772,DevNet
773,DevPath
774,DevNetTraffic
775,DevAudio
776,DevLoad
777,DevSave
778,DevGarbage
779,DevKill
780,DevReplace
781,DevUI
782,DevSound
783,DevCompile
784,DevBind
785,Localization
786,Compatibility
787,NetComeGo
788,Title
789,Error
790,Heading
791,SubHeading
792,FriendlyError
793,Progress
794,UserPrompt
795,SourceControl
796,DevPhysics
797,DevTick
798,DevStats
799,DevComponents
800,White
801,Black
802,Red
803,Green
804,Blue
805,Cyan
806,Magenta
807,Yellow
808,DefaultColor
809,DevMemory
810,XMA
811,WAV
812,AILog
813,DevParticle
814,PerfEvent
815,LocalizationWarning
816,DevUIStyles
817,DevUIStates
818,DevUIFocus
819,ParticleWarn
820,KeyType
821,KeyEvent
822,Write
823,Message
824,InitialState
825,Texture
826,Sound
827,FireTexture
828,IceTexture
829,WaterTexture
830,WaveTexture
831,WetTexture
832,Main
834,VideoChange
835,SendText
836,SendBinary
837,ConnectFailure
838,Length
839,Insert
840,Remove
841,Game
842,SequenceObjects
843,PausedState
844,ContinuedState
845,SelectionColor
846,Find
847,UI
848,DevCooking
849,DevOnline
850,DataBinding
851,OptionMusic
852,OptionSFX
853,OptionVoice
854,UTrace
855,DevCollision
856,DevSHA
857,DevSpawn
858,DevAnim
859,Hack
860,Master
861,Ambient
862,UnGrouped
863,VoiceChat
865,Attributes
866,Strings
867,Images
868,SceneData
870,EndIf
871,Include
872,Define
873,Undefine
874,IsDefined
875,NotDefined
876,Debug
877,Counter
878,SetCounter
879,GetCounter
900,FontCharacter
901,SourceState
902,InitChild2StartBone
903,SourceStyle
904,SoundCueLocalized
905,SoundCue
906,RawDistributionFloat
907,RawDistributionVector
908,UIDockingSet
909,DockPadding
912,ScaleType
913,EvalType
914,AutoSizePadding
915,PlayerWalking
916,PlayerClimbing
917,PlayerDriving
918,PlayerSwimming
919,PlayerFlying
920,Spectating
921,PlayerWaiting
922,WaitingForPawn
923,RoundEnded
924,Dead
940,ImmutableWhenCooked
941,RepRetry
942,PrivateWrite
943,ProtectedWrite
944,EditHide
945,EditTextBox
946,Accessors
950,Implements
951,Interface
952,Inherits
953,PerObjectLocalized
954,NonTransient
955,Archetype
956,StrictConfig
957,UnusedStructKeyword1
958,UnusedStructKeyword2
959,SerializeText
960,CrossLevel
961,CrossLevelActive
962,CrossLevelPassive
964,PoolParams
1000,Gear_General
1001,Gear_ActiveReload
1002,Gear_MiniGames
1003,Gear_ResurrectionSystem
1004,Gear_VehicleSystem
1005,Gear_CheckpointSystem
1006,Cover
1007,AICommand
1008,Success
1009,Failure
1010,Aborted
1011,PlayerTakingCover
1012,Engaging
1013,PlayerTurreting
1014,Reviving
1050,Nano_Locomotion
1051,Nano_Melee
1052,Nano_Powers
1053,Nano_Missions
1054,Nano_Weapons
1055,Nano_Music
1080,PlayerID
1081,TeamID
1082,HearSoundFinished
1100,Time
1101,PPVolume_BloomEffect
1102,PPVolume_DOFEffect
1103,PPVolume_MotionBlurEffect
1104,PPVolume_SceneEffect
1105,PPVolume_DOFAndBloomEffect
1106,Desaturation
1107,HighLights
1108,MidTones
1109,Shadows
1110,PPVolume_UberPostProcessEffect
1111,DeviceID
1112,InterpCurveFloat
1113,InterpCurveVector2D
1114,InterpCurveVector
1115,InterpCurveTwoVectors
1116,InterpCurveQuat
1117,UniqueNetId
1118,DevShaders
1119,DevDataBase
1120,DevDataStore
1121,DevAudioVerbose
1122,Linear
1123,Point
1124,Aniso
1125,DevUIAnimation
1126,DevHDDCaching
1127,DevMovie
1128,DevShadersDetailed
1129,PlayerManagement
1130,DevPatch
1131,DevLightmassSolver
1132,DevAssetDataBase
1133,PopUp
1134,Team
1135,DevDlc
1200,Add
1201,AddItem
1202,RemoveItem
1203,InsertItem
1204,Sort
1205,OnAudioFinished
1206,ForceScriptOrder
1207,Mobile
1208,Brush
1209,FirstPerson
1210,ThirdPerson
1211,FreeCam
1212,FreeCam_Default
1213,Fixed
1250,Vector4
1300,B_Bloom_Intensity
