dll,function,ordinal,iat_va
ADVAPI32,GetUserNameW,0,0x00bb0028
ADVAPI32,RegCloseKey,0,0x00bb0004
ADVAPI32,RegCreateKeyExW,0,0x00bb0014
ADVAPI32,RegDeleteValueW,0,0x00bb0010
ADVAPI32,RegEnumKeyExA,0,0x00bb0000
ADVAPI32,RegEnumValueW,0,0x00bb0024
ADVAPI32,RegOpenKeyExA,0,0x00bb000c
ADVAPI32,RegOpenKeyExW,0,0x00bb0018
ADVAPI32,RegQueryInfoKeyW,0,0x00bb0020
ADVAPI32,RegQueryValueExW,0,0x00bb001c
ADVAPI32,RegSetValueExW,0,0x00bb0008
DINPUT8,DirectInput8Create,0,0x00bb0030
GDI32,CreateCompatibleDC,0,0x00bb0060
GDI32,CreateFontIndirectW,0,0x00bb0040
GDI32,DeleteDC,0,0x00bb0048
GDI32,DeleteObject,0,0x00bb004c
GDI32,GetObjectW,0,0x00bb003c
GDI32,GetStockObject,0,0x00bb0038
GDI32,GetTextExtentPoint32W,0,0x00bb0064
GDI32,SelectObject,0,0x00bb0044
GDI32,SetBkColor,0,0x00bb0050
GDI32,SetBkMode,0,0x00bb0054
GDI32,SetTextColor,0,0x00bb0058
GDI32,TextOutW,0,0x00bb005c
IMM32,ImmAssociateContext,0,0x00bb00b4
IMM32,ImmAssociateContextEx,0,0x00bb0074
IMM32,ImmCreateContext,0,0x00bb00b0
IMM32,ImmDestroyContext,0,0x00bb00a8
IMM32,ImmGetCandidateListW,0,0x00bb007c
IMM32,ImmGetCompositionStringW,0,0x00bb00a4
IMM32,ImmGetContext,0,0x00bb00ac
IMM32,ImmGetConversionStatus,0,0x00bb0098
IMM32,ImmGetDefaultIMEWnd,0,0x00bb00bc
IMM32,ImmGetIMEFileNameA,0,0x00bb009c
IMM32,ImmGetOpenStatus,0,0x00bb00a0
IMM32,ImmGetProperty,0,0x00bb0080
IMM32,ImmGetVirtualKey,0,0x00bb0078
IMM32,ImmIsUIMessageW,0,0x00bb0094
IMM32,ImmNotifyIME,0,0x00bb008c
IMM32,ImmReleaseContext,0,0x00bb00b8
IMM32,ImmSetCandidateWindow,0,0x00bb0088
IMM32,ImmSetCompositionStringW,0,0x00bb0070
IMM32,ImmSetCompositionWindow,0,0x00bb0084
IMM32,ImmSetConversionStatus,0,0x00bb006c
IMM32,ImmSetOpenStatus,0,0x00bb0090
KERNEL32,AllocConsole,0,0x00bb0284
KERNEL32,CloseHandle,0,0x00bb0150
KERNEL32,CopyFileW,0,0x00bb0258
KERNEL32,CreateDirectoryW,0,0x00bb0168
KERNEL32,CreateEventA,0,0x00bb00f4
KERNEL32,CreateEventW,0,0x00bb01b8
KERNEL32,CreateFileW,0,0x00bb015c
KERNEL32,CreateMutexA,0,0x00bb00f8
KERNEL32,CreateMutexW,0,0x00bb02bc
KERNEL32,CreateProcessW,0,0x00bb0250
KERNEL32,CreateSemaphoreA,0,0x00bb00fc
KERNEL32,CreateThread,0,0x00bb0218
KERNEL32,DeleteCriticalSection,0,0x00bb0140
KERNEL32,DeleteFileW,0,0x00bb0208
KERNEL32,EnterCriticalSection,0,0x00bb0144
KERNEL32,ExitProcess,0,0x00bb01a4
KERNEL32,FindClose,0,0x00bb0244
KERNEL32,FindFirstFileW,0,0x00bb024c
KERNEL32,FindNextFileW,0,0x00bb0248
KERNEL32,FlushFileBuffers,0,0x00bb01a0
KERNEL32,FormatMessageA,0,0x00bb00e0
KERNEL32,FormatMessageW,0,0x00bb01d8
KERNEL32,FreeConsole,0,0x00bb0278
KERNEL32,FreeLibrary,0,0x00bb01e0
KERNEL32,GetCommandLineW,0,0x00bb02a0
KERNEL32,GetComputerNameW,0,0x00bb01f4
KERNEL32,GetConsoleScreenBufferInfo,0,0x00bb0270
KERNEL32,GetConsoleWindow,0,0x00bb0274
KERNEL32,GetCurrentProcess,0,0x00bb017c
KERNEL32,GetCurrentProcessId,0,0x00bb01ec
KERNEL32,GetCurrentThread,0,0x00bb0124
KERNEL32,GetCurrentThreadId,0,0x00bb0128
KERNEL32,GetEnvironmentVariableA,0,0x00bb0294
KERNEL32,GetFileAttributesW,0,0x00bb0160
KERNEL32,GetFileSize,0,0x00bb0158
KERNEL32,GetFileSizeEx,0,0x00bb0290
KERNEL32,GetFileTime,0,0x00bb016c
KERNEL32,GetFullPathNameA,0,0x00bb0210
KERNEL32,GetFullPathNameW,0,0x00bb0298
KERNEL32,GetLastError,0,0x00bb0164
KERNEL32,GetLocalTime,0,0x00bb01e4
KERNEL32,GetLocaleInfoW,0,0x00bb00dc
KERNEL32,GetModuleFileNameW,0,0x00bb01f0
KERNEL32,GetModuleHandleW,0,0x00bb019c
KERNEL32,GetProcAddress,0,0x00bb0198
KERNEL32,GetProcessAffinityMask,0,0x00bb02b4
KERNEL32,GetStartupInfoA,0,0x00bb00d8
KERNEL32,GetStdHandle,0,0x00bb0280
KERNEL32,GetSystemInfo,0,0x00bb028c
KERNEL32,GetSystemTime,0,0x00bb0174
KERNEL32,GetSystemTimeAsFileTime,0,0x00bb00cc
KERNEL32,GetTempPathW,0,0x00bb029c
KERNEL32,GetTickCount,0,0x00bb026c
KERNEL32,GetTimeZoneInformation,0,0x00bb00e4
KERNEL32,GetVersionExW,0,0x00bb021c
KERNEL32,GlobalAlloc,0,0x00bb0240
KERNEL32,GlobalLock,0,0x00bb023c
KERNEL32,GlobalMemoryStatusEx,0,0x00bb0288
KERNEL32,GlobalUnlock,0,0x00bb0238
KERNEL32,InitializeCriticalSection,0,0x00bb0204
KERNEL32,InterlockedCompareExchange,0,0x00bb0120
KERNEL32,InterlockedDecrement,0,0x00bb0118
KERNEL32,InterlockedExchange,0,0x00bb0234
KERNEL32,InterlockedExchangeAdd,0,0x00bb011c
KERNEL32,InterlockedIncrement,0,0x00bb0114
KERNEL32,IsDebuggerPresent,0,0x00bb02a4
KERNEL32,LeaveCriticalSection,0,0x00bb014c
KERNEL32,LoadLibraryA,0,0x00bb0100
KERNEL32,LoadLibraryW,0,0x00bb01dc
KERNEL32,LocalAlloc,0,0x00bb00c8
KERNEL32,LocalFree,0,0x00bb01fc
KERNEL32,MoveFileW,0,0x00bb025c
KERNEL32,MultiByteToWideChar,0,0x00bb0228
KERNEL32,OpenEventW,0,0x00bb0230
KERNEL32,OutputDebugStringA,0,0x00bb00ec
KERNEL32,OutputDebugStringW,0,0x00bb01d4
KERNEL32,PulseEvent,0,0x00bb01b4
KERNEL32,QueryPerformanceCounter,0,0x00bb0110
KERNEL32,QueryPerformanceFrequency,0,0x00bb01f8
KERNEL32,RaiseException,0,0x00bb0194
KERNEL32,ReadFile,0,0x00bb0190
KERNEL32,ReleaseMutex,0,0x00bb02b8
KERNEL32,ReleaseSemaphore,0,0x00bb00f0
KERNEL32,RemoveDirectoryW,0,0x00bb0254
KERNEL32,ResetEvent,0,0x00bb01c0
KERNEL32,ResumeThread,0,0x00bb01c4
KERNEL32,RtlCaptureContext,0,0x00bb018c
KERNEL32,RtlCaptureStackBackTrace,0,0x00bb0188
KERNEL32,SetConsoleCtrlHandler,0,0x00bb01a8
KERNEL32,SetConsoleScreenBufferSize,0,0x00bb027c
KERNEL32,SetConsoleTextAttribute,0,0x00bb0268
KERNEL32,SetConsoleTitleW,0,0x00bb00c4
KERNEL32,SetCriticalSectionSpinCount,0,0x00bb0200
KERNEL32,SetCurrentDirectoryW,0,0x00bb0154
KERNEL32,SetErrorMode,0,0x00bb00e8
KERNEL32,SetEvent,0,0x00bb01bc
KERNEL32,SetFileAttributesW,0,0x00bb020c
KERNEL32,SetFilePointer,0,0x00bb0178
KERNEL32,SetProcessAffinityMask,0,0x00bb02b0
KERNEL32,SetStdHandle,0,0x00bb022c
KERNEL32,SetThreadAffinityMask,0,0x00bb0214
KERNEL32,SetThreadIdealProcessor,0,0x00bb012c
KERNEL32,SetThreadPriority,0,0x00bb01d0
KERNEL32,SetUnhandledExceptionFilter,0,0x00bb00d0
KERNEL32,Sleep,0,0x00bb01ac
KERNEL32,SleepEx,0,0x00bb0108
KERNEL32,SuspendThread,0,0x00bb01c8
KERNEL32,SystemTimeToFileTime,0,0x00bb0170
KERNEL32,TerminateProcess,0,0x00bb01e8
KERNEL32,TerminateThread,0,0x00bb01cc
KERNEL32,TlsAlloc,0,0x00bb0130
KERNEL32,TlsFree,0,0x00bb013c
KERNEL32,TlsGetValue,0,0x00bb0138
KERNEL32,TlsSetValue,0,0x00bb0134
KERNEL32,TryEnterCriticalSection,0,0x00bb0148
KERNEL32,UnhandledExceptionFilter,0,0x00bb00d4
KERNEL32,VerSetConditionMask,0,0x00bb0184
KERNEL32,VerifyVersionInfoW,0,0x00bb0180
KERNEL32,VirtualAlloc,0,0x00bb02a8
KERNEL32,VirtualFree,0,0x00bb02ac
KERNEL32,WaitForMultipleObjectsEx,0,0x00bb0104
KERNEL32,WaitForSingleObject,0,0x00bb01b0
KERNEL32,WideCharToMultiByte,0,0x00bb0220
KERNEL32,WriteConsoleW,0,0x00bb0264
KERNEL32,WriteFile,0,0x00bb0260
KERNEL32,lstrlenA,0,0x00bb010c
KERNEL32,lstrlenW,0,0x00bb0224
MSVCP90,?_Lock@_Mutex@std@@QAEXXZ,0,0x00bb02e4
MSVCP90,?_Osfx@?$basic_ostream@_WU?$char_traits@_W@std@@@std@@QAEXXZ,0,0x00bb02d8
MSVCP90,?_Unlock@_Mutex@std@@QAEXXZ,0,0x00bb02e0
MSVCP90,?flush@?$basic_ostream@_WU?$char_traits@_W@std@@@std@@QAEAAV12@XZ,0,0x00bb02dc
MSVCP90,?setstate@?$basic_ios@_WU?$char_traits@_W@std@@@std@@QAEXH_N@Z,0,0x00bb02d0
MSVCP90,?sputc@?$basic_streambuf@_WU?$char_traits@_W@std@@@std@@QAEG_W@Z,0,0x00bb02c8
MSVCP90,?sputn@?$basic_streambuf@_WU?$char_traits@_W@std@@@std@@QAEHPB_WH@Z,0,0x00bb02cc
MSVCP90,?uncaught_exception@std@@YA_NXZ,0,0x00bb02d4
MSVCP90,?wcerr@std@@3V?$basic_ostream@_WU?$char_traits@_W@std@@@1@A,0,0x00bb02c4
MSVCR90,?_type_info_dtor_internal_method@type_info@@QAEXXZ,0,0x00bb0434
MSVCR90,?terminate@@YAXXZ,0,0x00bb04ac
MSVCR90,_CIacos,0,0x00bb04cc
MSVCR90,_CIasin,0,0x00bb04d0
MSVCR90,_CIatan,0,0x00bb035c
MSVCR90,_CIatan2,0,0x00bb036c
MSVCR90,_CIcos,0,0x00bb0368
MSVCR90,_CIexp,0,0x00bb02f0
MSVCR90,_CIfmod,0,0x00bb04d8
MSVCR90,_CIlog,0,0x00bb0360
MSVCR90,_CIpow,0,0x00bb04dc
MSVCR90,_CIsin,0,0x00bb0364
MSVCR90,_CIsqrt,0,0x00bb0374
MSVCR90,_CItan,0,0x00bb0358
MSVCR90,_CxxThrowException,0,0x00bb0524
MSVCR90,_XcptFilter,0,0x00bb0408
MSVCR90,__CxxFrameHandler3,0,0x00bb0528
MSVCR90,__dllonexit,0,0x00bb0494
MSVCR90,__getmainargs,0,0x00bb04a4
MSVCR90,__iob_func,0,0x00bb03e4
MSVCR90,__p__commode,0,0x00bb0428
MSVCR90,__p__fmode,0,0x00bb042c
MSVCR90,__set_app_type,0,0x00bb0430
MSVCR90,__setusermatherr,0,0x00bb0420
MSVCR90,_acmdln,0,0x00bb0410
MSVCR90,_adjust_fdiv,0,0x00bb0424
MSVCR90,_amsg_exit,0,0x00bb04a8
MSVCR90,_cexit,0,0x00bb0400
MSVCR90,_configthreadlocale,0,0x00bb041c
MSVCR90,_controlfp_s,0,0x00bb0350
MSVCR90,_crt_debugger_hook,0,0x00bb04c0
MSVCR90,_decode_pointer,0,0x00bb04b0
MSVCR90,_encode_pointer,0,0x00bb0498
MSVCR90,_errno,0,0x00bb0314
MSVCR90,_except_handler3,0,0x00bb0378
MSVCR90,_except_handler4_common,0,0x00bb048c
MSVCR90,_exit,0,0x00bb0404
MSVCR90,_finite,0,0x00bb03cc
MSVCR90,_fpclass,0,0x00bb03c8
MSVCR90,_ftime64,0,0x00bb02ec
MSVCR90,_gmtime64_s,0,0x00bb0530
MSVCR90,_initterm,0,0x00bb0414
MSVCR90,_initterm_e,0,0x00bb0418
MSVCR90,_invalid_parameter_noinfo,0,0x00bb03dc
MSVCR90,_invoke_watson,0,0x00bb04b4
MSVCR90,_iob,0,0x00bb0444
MSVCR90,_ismbblead,0,0x00bb040c
MSVCR90,_isnan,0,0x00bb03d0
MSVCR90,_itoa_s,0,0x00bb0318
MSVCR90,_localtime64,0,0x00bb0384
MSVCR90,_lock,0,0x00bb049c
MSVCR90,_onexit,0,0x00bb04a0
MSVCR90,_purecall,0,0x00bb04e4
MSVCR90,_set_abort_behavior,0,0x00bb0458
MSVCR90,_set_error_mode,0,0x00bb03ec
MSVCR90,_set_invalid_parameter_handler,0,0x00bb0394
MSVCR90,_set_purecall_handler,0,0x00bb0388
MSVCR90,_setjmp3,0,0x00bb043c
MSVCR90,_snprintf,0,0x00bb03ac
MSVCR90,_stricmp,0,0x00bb04f8
MSVCR90,_strtoui64,0,0x00bb0320
MSVCR90,_time64,0,0x00bb0484
MSVCR90,_unlock,0,0x00bb0490
MSVCR90,_vsnprintf_s,0,0x00bb0450
MSVCR90,_vsnwprintf_s,0,0x00bb0454
MSVCR90,_vswprintf_c_l,0,0x00bb03a8
MSVCR90,_wcsicmp,0,0x00bb0508
MSVCR90,_wcsicoll,0,0x00bb034c
MSVCR90,_wcsnicmp,0,0x00bb051c
MSVCR90,_wfopen_s,0,0x00bb030c
MSVCR90,_wmkdir,0,0x00bb03b8
MSVCR90,_wstat64,0,0x00bb02f4
MSVCR90,_wstat64i32,0,0x00bb047c
MSVCR90,_wstrdate_s,0,0x00bb0478
MSVCR90,_wstrtime_s,0,0x00bb0474
MSVCR90,_wtof,0,0x00bb0510
MSVCR90,_wtoi,0,0x00bb050c
MSVCR90,_wtoi64,0,0x00bb03b0
MSVCR90,_wutime64,0,0x00bb052c
MSVCR90,abort,0,0x00bb045c
MSVCR90,abs,0,0x00bb04b8
MSVCR90,atof,0,0x00bb0338
MSVCR90,atoi,0,0x00bb0334
MSVCR90,ceil,0,0x00bb03c4
MSVCR90,exit,0,0x00bb03f0
MSVCR90,fclose,0,0x00bb02f8
MSVCR90,fflush,0,0x00bb038c
MSVCR90,fgets,0,0x00bb0390
MSVCR90,floor,0,0x00bb04d4
MSVCR90,fopen_s,0,0x00bb04bc
MSVCR90,fprintf,0,0x00bb03e8
MSVCR90,fread,0,0x00bb0300
MSVCR90,free,0,0x00bb03fc
MSVCR90,frexp,0,0x00bb04c8
MSVCR90,fseek,0,0x00bb02fc
MSVCR90,ftell,0,0x00bb0308
MSVCR90,fwrite,0,0x00bb0304
MSVCR90,isdigit,0,0x00bb0330
MSVCR90,isspace,0,0x00bb031c
MSVCR90,iswpunct,0,0x00bb03e0
MSVCR90,iswspace,0,0x00bb0380
MSVCR90,isxdigit,0,0x00bb03c0
MSVCR90,localeconv,0,0x00bb0324
MSVCR90,longjmp,0,0x00bb0440
MSVCR90,malloc,0,0x00bb044c
MSVCR90,memcpy,0,0x00bb0480
MSVCR90,memmove,0,0x00bb0470
MSVCR90,memmove_s,0,0x00bb03d8
MSVCR90,memset,0,0x00bb0520
MSVCR90,printf,0,0x00bb0398
MSVCR90,qsort,0,0x00bb0464
MSVCR90,rand,0,0x00bb04e0
MSVCR90,rewind,0,0x00bb0310
MSVCR90,sprintf,0,0x00bb0438
MSVCR90,srand,0,0x00bb03f4
MSVCR90,sscanf_s,0,0x00bb0488
MSVCR90,strcat_s,0,0x00bb04f4
MSVCR90,strchr,0,0x00bb0370
MSVCR90,strcpy_s,0,0x00bb04e8
MSVCR90,strcspn,0,0x00bb033c
MSVCR90,strncmp,0,0x00bb03b4
MSVCR90,strncpy,0,0x00bb037c
MSVCR90,strncpy_s,0,0x00bb0468
MSVCR90,strrchr,0,0x00bb0354
MSVCR90,strspn,0,0x00bb0340
MSVCR90,strstr,0,0x00bb04c4
MSVCR90,strtod,0,0x00bb0328
MSVCR90,strtol,0,0x00bb032c
MSVCR90,strtoul,0,0x00bb0344
MSVCR90,swscanf_s,0,0x00bb03f8
MSVCR90,tolower,0,0x00bb03bc
MSVCR90,vswprintf_s,0,0x00bb039c
MSVCR90,wcscat_s,0,0x00bb04f0
MSVCR90,wcschr,0,0x00bb0500
MSVCR90,wcscoll,0,0x00bb0348
MSVCR90,wcscpy_s,0,0x00bb04ec
MSVCR90,wcsncat_s,0,0x00bb03a4
MSVCR90,wcsncmp,0,0x00bb03d4
MSVCR90,wcsncpy_s,0,0x00bb046c
MSVCR90,wcsnlen,0,0x00bb03a0
MSVCR90,wcsrchr,0,0x00bb0504
MSVCR90,wcsstr,0,0x00bb04fc
MSVCR90,wcstod,0,0x00bb0514
MSVCR90,wcstoul,0,0x00bb0518
MSVCR90,wctob,0,0x00bb0448
MSVCR90,wprintf,0,0x00bb0460
OLEAUT32,__imp__SysAllocString@4,2,0x00bb0538
OLEAUT32,__imp__SysAllocStringByteLen@8,150,0x00bb0540
OLEAUT32,__imp__SysFreeString@4,6,0x00bb053c
OLEAUT32,__imp__SysStringLen@4,7,0x00bb0544
POWRPROF,CallNtPowerInformation,0,0x00bb054c
PhysXLoader,NxCreatePhysicsSDK,0,0x00e43634
PhysXLoader,NxGetCookingLib,0,0x00e43638
PhysXLoader,NxGetPhysicsSDK,0,0x00e4363c
PhysXLoader,NxGetPhysicsSDKAllocator,0,0x00e43630
PhysXLoader,NxGetUtilLib,0,0x00e43640
PhysXLoader,NxReleasePhysicsSDK,0,0x00e4362c
SHELL32,CommandLineToArgvW,0,0x00bb0558
SHELL32,SHGetFolderPathW,0,0x00bb0554
SHELL32,ShellExecuteW,0,0x00bb055c
USER32,ActivateKeyboardLayout,0,0x00bb06bc
USER32,AdjustWindowRect,0,0x00bb0584
USER32,BeginPaint,0,0x00bb0600
USER32,CallNextHookEx,0,0x00bb05c0
USER32,CallWindowProcW,0,0x00bb0570
USER32,ClientToScreen,0,0x00bb05e4
USER32,ClipCursor,0,0x00bb061c
USER32,CloseClipboard,0,0x00bb066c
USER32,CreateWindowExW,0,0x00bb0648
USER32,DefWindowProcW,0,0x00bb06b0
USER32,DestroyWindow,0,0x00bb05bc
USER32,DialogBoxParamW,0,0x00bb0620
USER32,DispatchMessageW,0,0x00bb0690
USER32,DrawStateW,0,0x00bb0604
USER32,EmptyClipboard,0,0x00bb0664
USER32,EndDialog,0,0x00bb063c
USER32,EndPaint,0,0x00bb060c
USER32,GetActiveWindow,0,0x00bb065c
USER32,GetCapture,0,0x00bb05a0
USER32,GetClientRect,0,0x00bb0608
USER32,GetClipCursor,0,0x00bb05b8
USER32,GetClipboardData,0,0x00bb0654
USER32,GetCursorInfo,0,0x00bb05b0
USER32,GetCursorPos,0,0x00bb05ac
USER32,GetDlgItem,0,0x00bb06a0
USER32,GetFocus,0,0x00bb05c8
USER32,GetForegroundWindow,0,0x00bb05c4
USER32,GetKeyState,0,0x00bb058c
USER32,GetKeyboardLayout,0,0x00bb05d0
USER32,GetKeyboardLayoutList,0,0x00bb0564
USER32,GetKeyboardLayoutNameA,0,0x00bb06b8
USER32,GetKeyboardState,0,0x00bb06c0
USER32,GetMessageW,0,0x00bb05f4
USER32,GetMonitorInfoW,0,0x00bb0674
USER32,GetSystemMetrics,0,0x00bb0694
USER32,GetTopWindow,0,0x00bb062c
USER32,GetWindowInfo,0,0x00bb0568
USER32,GetWindowLongW,0,0x00bb05b4
USER32,GetWindowPlacement,0,0x00bb067c
USER32,GetWindowRect,0,0x00bb0650
USER32,GetWindowThreadProcessId,0,0x00bb0574
USER32,InvalidateRect,0,0x00bb05fc
USER32,IsIconic,0,0x00bb05cc
USER32,LoadCursorW,0,0x00bb05e8
USER32,LoadIconW,0,0x00bb0640
USER32,LoadImageW,0,0x00bb05f0
USER32,LoadKeyboardLayoutW,0,0x00bb05d4
USER32,MapVirtualKeyExW,0,0x00bb05d8
USER32,MapVirtualKeyW,0,0x00bb05dc
USER32,MapWindowPoints,0,0x00bb059c
USER32,MessageBoxW,0,0x00bb0658
USER32,MonitorFromWindow,0,0x00bb0670
USER32,OpenClipboard,0,0x00bb0660
USER32,PeekMessageW,0,0x00bb06ac
USER32,PostMessageW,0,0x00bb0610
USER32,PostQuitMessage,0,0x00bb06b4
USER32,PostThreadMessageW,0,0x00bb0588
USER32,RegisterClassExW,0,0x00bb0644
USER32,RegisterClassW,0,0x00bb05ec
USER32,RegisterDeviceNotificationW,0,0x00bb0578
USER32,RegisterHotKey,0,0x00bb0634
USER32,ReleaseCapture,0,0x00bb0618
USER32,ScreenToClient,0,0x00bb0624
USER32,SendInput,0,0x00bb069c
USER32,SetActiveWindow,0,0x00bb057c
USER32,SetCapture,0,0x00bb05a4
USER32,SetClipboardData,0,0x00bb0668
USER32,SetCursor,0,0x00bb0598
USER32,SetCursorPos,0,0x00bb05a8
USER32,SetDlgItemTextW,0,0x00bb06a8
USER32,SetFocus,0,0x00bb0580
USER32,SetForegroundWindow,0,0x00bb0630
USER32,SetWindowLongW,0,0x00bb0678
USER32,SetWindowPlacement,0,0x00bb0680
USER32,SetWindowPos,0,0x00bb06a4
USER32,SetWindowTextW,0,0x00bb0628
USER32,SetWindowsHookExW,0,0x00bb0590
USER32,ShowCursor,0,0x00bb0614
USER32,ShowOwnedPopups,0,0x00bb068c
USER32,ShowWindow,0,0x00bb064c
USER32,SystemParametersInfoW,0,0x00bb0698
USER32,ToUnicodeEx,0,0x00bb05f8
USER32,TranslateMessage,0,0x00bb0688
USER32,UnhookWindowsHookEx,0,0x00bb0594
USER32,UnloadKeyboardLayout,0,0x00bb05e0
USER32,UnregisterClassW,0,0x00bb06c4
USER32,UnregisterDeviceNotification,0,0x00bb056c
USER32,UnregisterHotKey,0,0x00bb0638
USER32,UpdateWindow,0,0x00bb0684
WINMM,timeBeginPeriod,0,0x00bb06d0
WINMM,timeGetTime,0,0x00bb06cc
WSOCK32,__imp__WSACleanup@0,116,0x00bb0734
WSOCK32,__imp__WSAGetLastError@0,111,0x00bb0738
WSOCK32,__imp__WSAStartup@8,115,0x00bb06fc
WSOCK32,__imp__accept@12,1,0x00bb0708
WSOCK32,__imp__bind@12,2,0x00bb06f8
WSOCK32,__imp__closesocket@4,3,0x00bb06f4
WSOCK32,__imp__connect@12,4,0x00bb06dc
WSOCK32,__imp__gethostbyname@4,52,0x00bb0730
WSOCK32,__imp__gethostname@8,57,0x00bb0700
WSOCK32,__imp__getsockname@12,6,0x00bb0724
WSOCK32,__imp__getsockopt@20,7,0x00bb072c
WSOCK32,__imp__htonl@4,8,0x00bb06e4
WSOCK32,__imp__htons@4,9,0x00bb06ec
WSOCK32,__imp__inet_addr@4,10,0x00bb06d8
WSOCK32,__imp__ioctlsocket@12,12,0x00bb0710
WSOCK32,__imp__listen@8,13,0x00bb06e0
WSOCK32,__imp__ntohl@4,14,0x00bb06e8
WSOCK32,__imp__ntohs@4,15,0x00bb06f0
WSOCK32,__imp__recv@16,16,0x00bb0720
WSOCK32,__imp__recvfrom@24,17,0x00bb071c
WSOCK32,__imp__select@20,18,0x00bb070c
WSOCK32,__imp__send@16,19,0x00bb0718
WSOCK32,__imp__sendto@24,20,0x00bb0714
WSOCK32,__imp__setsockopt@20,21,0x00bb0728
WSOCK32,__imp__socket@12,23,0x00bb0704
XINPUT1_3,__imp__XInputGetState@8,2,0x00bb0740
XINPUT1_3,__imp__XInputSetState@8,3,0x00bb0744
binkw32,_BinkClose@4,0,0x00bb076c
binkw32,_BinkDoFrame@4,0,0x00bb0794
binkw32,_BinkGetFrameBuffersInfo@8,0,0x00bb0768
binkw32,_BinkGetKeyFrame@12,0,0x00bb0760
binkw32,_BinkGetRealtime@12,0,0x00bb0764
binkw32,_BinkGetRects@8,0,0x00bb0758
binkw32,_BinkGoto@12,0,0x00bb0778
binkw32,_BinkNextFrame@4,0,0x00bb075c
binkw32,_BinkOpen@8,0,0x00bb0790
binkw32,_BinkOpenDirectSound@4,0,0x00bb0788
binkw32,_BinkPause@8,0,0x00bb0754
binkw32,_BinkRegisterFrameBuffers@8,0,0x00bb077c
binkw32,_BinkSetIOSize@4,0,0x00bb0770
binkw32,_BinkSetPan@12,0,0x00bb0784
binkw32,_BinkSetSoundSystem@8,0,0x00bb078c
binkw32,_BinkSetSoundTrack@8,0,0x00bb0774
binkw32,_BinkSetVolume@12,0,0x00bb0780
binkw32,_BinkShouldSkip@4,0,0x00bb074c
binkw32,_BinkWait@4,0,0x00bb0750
d3d9,D3DPERF_BeginEvent,0,0x00bb07a8
d3d9,D3DPERF_EndEvent,0,0x00bb079c
d3d9,D3DPERF_SetOptions,0,0x00bb07a4
d3d9,Direct3DCreate9,0,0x00bb07a0
dbghelp,MiniDumpWriteDump,0,0x00bb07d4
dbghelp,StackWalk64,0,0x00bb07d0
dbghelp,SymFunctionTableAccess64,0,0x00bb07cc
dbghelp,SymGetLineFromAddr64,0,0x00bb07d8
dbghelp,SymGetModuleBase64,0,0x00bb07bc
dbghelp,SymGetModuleInfo64,0,0x00bb07c8
dbghelp,SymGetOptions,0,0x00bb07c4
dbghelp,SymGetSymFromAddr64,0,0x00bb07dc
dbghelp,SymInitialize,0,0x00bb07b8
dbghelp,SymLoadModule64,0,0x00bb07b0
dbghelp,SymSetOptions,0,0x00bb07c0
dbghelp,SymSetSearchPath,0,0x00bb07b4
faultrep,ReportFault,0,0x00bb07e4
ole32,CoCreateGuid,0,0x00bb07fc
ole32,CoCreateInstance,0,0x00bb0800
ole32,CoInitialize,0,0x00bb07ec
ole32,CoInitializeEx,0,0x00bb07f0
ole32,CoSetProxyBlanket,0,0x00bb0804
ole32,CoTaskMemFree,0,0x00bb0808
ole32,CoUninitialize,0,0x00bb07f8
ole32,StringFromGUID2,0,0x00bb07f4
steam_api,SteamAPI_Init,0,0x00bb0834
steam_api,SteamAPI_RegisterCallResult,0,0x00bb0844
steam_api,SteamAPI_RegisterCallback,0,0x00bb0838
steam_api,SteamAPI_RestartAppIfNecessary,0,0x00bb0820
steam_api,SteamAPI_RunCallbacks,0,0x00bb081c
steam_api,SteamAPI_Shutdown,0,0x00bb0850
steam_api,SteamAPI_UnregisterCallResult,0,0x00bb0840
steam_api,SteamAPI_UnregisterCallback,0,0x00bb083c
steam_api,SteamApps,0,0x00bb0854
steam_api,SteamFriends,0,0x00bb0828
steam_api,SteamGameServer,0,0x00bb0848
steam_api,SteamGameServer_Shutdown,0,0x00bb084c
steam_api,SteamMatchmaking,0,0x00bb0830
steam_api,SteamMatchmakingServers,0,0x00bb0814
steam_api,SteamNetworking,0,0x00bb0810
steam_api,SteamRemoteStorage,0,0x00bb0824
steam_api,SteamUser,0,0x00bb082c
steam_api,SteamUserStats,0,0x00bb0818
steam_api,SteamUtils,0,0x00bb0858
